internal_key	display_name	description	data_type	current_value	default_value	scope	inheritance	read_api	write_api	validation	permissions	category	group	per_chat	secret	hidden	ui_visibility	widget	storage	runtime_consumer	read_fn	status
api_token	Токен Telegram-бота	-	str	{configured,last4}	{configured,last4}	global(infra)	n/a	нет API (env-only)	нет API (env-only)	n/a (env)	n/a (env-only)	infra	-	false	true	false	api-only	-	env/.env	ConfigCache / hot.get|get_chat_param	hot.get|get_chat_param	new
betterstack_host	Хост ingest BetterStack (регион проекта)	-	str	runtime	-	global(infra)	n/a	нет API (env-only)	нет API (env-only)	n/a (env)	n/a (env-only)	infra	-	false	false	false	api-only	-	env/.env	ConfigCache / hot.get|get_chat_param	hot.get|get_chat_param	new
checkup_journalctl_cmd	Команда journalctl для чекапа	-	str	runtime	-	global(infra)	n/a	нет API (env-only)	нет API (env-only)	n/a (env)	n/a (env-only)	infra	-	false	false	false	api-only	-	env/.env	ConfigCache / hot.get|get_chat_param	hot.get|get_chat_param	new
cobalt_api_url	URL self-hosted cobalt	-	str	runtime	-	global(infra)	n/a	нет API (env-only)	нет API (env-only)	n/a (env)	n/a (env-only)	infra	-	false	false	false	api-only	-	env/.env	ConfigCache / hot.get|get_chat_param	hot.get|get_chat_param	new
cobalt_http_proxy	Исходящий HTTP-прокси cobalt	-	str	{configured,last4}	{configured,last4}	global(infra)	n/a	нет API (env-only)	нет API (env-only)	n/a (env)	n/a (env-only)	infra	-	false	true	false	api-only	-	env/.env	ConfigCache / hot.get|get_chat_param	hot.get|get_chat_param	new
content.info_how_it_works	Текст «Как это работает» (rich-HTML)	Справка для пользователей админки. Разметка HTML — можно картинки и ссылки.	json	runtime	-	global|chat|direct	global → chat(override)	GET /api/config; GET /api/config/params-meta	POST /api/config (X-Chat-Id); DELETE /api/config/chat/{key} (сброс override)	json	view: role-matrix; edit: local_admin/global_admin	content	content_info	true	false	false	visible	-	chat_profiles.chat_params.overrides	info_service/direct_chat_service (hot.get|get_chat_param)	hot.get|get_chat_param	OK
content.intelligence_guide	Гайд по возможностям бота (Markdown)	Человекочитаемый FAQ-гайд, редактируется в админке. Markdown: заголовки, списки, ссылки, код. Рендер на фронте + санитайз DOMPurify.	json	runtime	-	global|chat|direct	global → chat(override)	GET /api/config; GET /api/config/params-meta	POST /api/config (X-Chat-Id); DELETE /api/config/chat/{key} (сброс override)	json	view: role-matrix; edit: local_admin/global_admin	content	content_info	true	false	false	visible	-	bot_settings[content.intelligence_guide]	info_service.get_guide/hot.get	get_guide|hot.get	OK
content.media_public_base_url	Внешний базовый адрес /media	Публичный адрес, по которому сервис видео видит опубликованные ролики.	str	runtime	-	global|chat|direct	global → chat(override)	GET /api/config; GET /api/config/params-meta	POST /api/config (X-Chat-Id); DELETE /api/config/chat/{key} (сброс override)	str; непустая строка	view: role-matrix; edit: local_admin/global_admin	content	content_media	true	false	false	visible	-	chat_profiles.chat_params.overrides	info_service/direct_chat_service (hot.get|get_chat_param)	hot.get|get_chat_param	OK
content.media_share_dir	Каталог временной публикации видео	Папка, куда копируются видео для пересказа «по кадрам» (вне web-статики). Относительно корня проекта.	str	runtime	-	global|chat|direct	global → chat(override)	GET /api/config; GET /api/config/params-meta	POST /api/config (X-Chat-Id); DELETE /api/config/chat/{key} (сброс override)	str; непустая строка	view: role-matrix; edit: local_admin/global_admin	content	content_media	true	false	false	visible	-	chat_profiles.chat_params.overrides	info_service/direct_chat_service (hot.get|get_chat_param)	hot.get|get_chat_param	OK
content.no_key_reply	Ответ «нет ключа» (sandbox)	Фраза бота, когда у чата нет своего ключа и общий недоступен. Нейросеть при этом не вызывается.	str	runtime	code:services.sandbox_reply.DEFAULT_NO_KEY_REPLY	global|chat|direct	global → chat(override)	GET /api/config; GET /api/config/params-meta	POST /api/config (X-Chat-Id); DELETE /api/config/chat/{key} (сброс override)	str; непустая строка	view: role-matrix; edit: local_admin/global_admin	content	content_info	true	false	false	visible	-	chat_profiles.chat_params.overrides	info_service/direct_chat_service (hot.get|get_chat_param)	hot.get|get_chat_param	OK
db_path	Путь к SQLite-БД	-	str	runtime	-	global(infra)	n/a	нет API (env-only)	нет API (env-only)	n/a (env)	n/a (env-only)	infra	-	false	false	false	api-only	-	env/.env	ConfigCache / hot.get|get_chat_param	hot.get|get_chat_param	new
download_dir	Папка скачанных файлов	-	str	runtime	-	global(infra)	n/a	нет API (env-only)	нет API (env-only)	n/a (env)	n/a (env-only)	infra	-	false	false	false	api-only	-	env/.env	ConfigCache / hot.get|get_chat_param	hot.get|get_chat_param	new
embedding_fallback_max_retries	Ретраи embed-фоллбэка	-	int	runtime	-	global(infra)	n/a	нет API (env-only)	нет API (env-only)	n/a (env)	n/a (env-only)	infra	-	false	false	false	api-only	-	env/.env	ConfigCache / hot.get|get_chat_param	hot.get|get_chat_param	new
embedding_fallback_timeout_seconds	Таймаут embed-фоллбэка, сек	-	float	runtime	-	global(infra)	n/a	нет API (env-only)	нет API (env-only)	n/a (env)	n/a (env-only)	infra	-	false	false	false	api-only	-	env/.env	ConfigCache / hot.get|get_chat_param	hot.get|get_chat_param	new
flags.alan_replies_enabled	Reply-блок Лехи	Леха отвечает в ответ на сообщения. Выключено — Леха не отвечает.	bool	runtime	-	global|chat|direct	global → chat(override)	GET /api/config; GET /api/config/params-meta	POST /api/config (X-Chat-Id); DELETE /api/config/chat/{key} (сброс override)	bool	view: role-matrix; edit: local_admin/global_admin	flags	flags_permsoc_behavior	true	false	false	visible	-	chat_profiles.chat_params.overrides	feature_gates/direct_chat_service/workers (hot.get|get_chat_param)	hot.get|get_chat_param	OK
flags.belief_decay_enabled	Охлаждение убеждений (сон)	Убеждения без свежих подтверждений постепенно теряют вес и уходят в архив, откуда их можно «воскресить». Выключено (дефолт) — убеждения остаются вечными, поведение без изменений.	bool	runtime	-	global|chat|direct	global → chat(override)	GET /api/config; GET /api/config/params-meta	POST /api/config (X-Chat-Id); DELETE /api/config/chat/{key} (сброс override)	bool	view: role-matrix; edit: local_admin/global_admin	flags	flags_memory	true	false	false	visible	-	chat_profiles.chat_params.overrides	feature_gates/direct_chat_service/workers (hot.get|get_chat_param)	hot.get|get_chat_param	OK
flags.bot_self_awareness_enabled	Самоосознание бота	Бот отдельно и критически помнит суть своих ответов. Выключено — бот не запоминает собственные слова и не предупреждается об эхо.	bool	runtime	-	global|chat|direct	global → chat(override)	GET /api/config; GET /api/config/params-meta	POST /api/config (X-Chat-Id); DELETE /api/config/chat/{key} (сброс override)	bool	view: role-matrix; edit: local_admin/global_admin	flags	flags_memory	true	false	false	visible	-	chat_profiles.chat_params.overrides	feature_gates/direct_chat_service/workers (hot.get|get_chat_param)	hot.get|get_chat_param	OK
flags.budgets_enabled	Главный тумблер бюджетов	Один рубильник на все бюджеты — глобально или для выбранного чата. При снятии лимиты не ограничивают и контекст не режется, но статистика расходов продолжает вестись. Дефолт — ВКЛ.	bool	runtime	-	global|chat|direct	global → chat(override)	GET /api/config; GET /api/config/params-meta	POST /api/config (X-Chat-Id); DELETE /api/config/chat/{key} (сброс override)	bool	view: role-matrix; edit: local_admin/global_admin	flags	flags_module_budgets	true	false	false	visible	-	bot_settings + chat_profiles.chat_params.overrides	ConfigCache / hot.get|get_chat_param	hot.get|get_chat_param	new
flags.chat_context_budgets_enabled	Бюджеты контекста direct_chat	Делит контекст на блоки (карта, ветка, память). Выключено — доли не ограничиваются.	bool	runtime	-	global|chat|direct	global → chat(override)	GET /api/config; GET /api/config/params-meta	POST /api/config (X-Chat-Id); DELETE /api/config/chat/{key} (сброс override)	bool	view: role-matrix; edit: local_admin/global_admin	flags	limits_chat_budgets	true	false	false	visible	-	chat_profiles.chat_params.overrides	feature_gates/direct_chat_service/workers (hot.get|get_chat_param)	hot.get|get_chat_param	OK
flags.chat_dedup_enabled	Дедуп одинаковых текстов подряд	Бот не отвечает на одинаковые сообщения подряд. Выключено — отвечает на каждое.	bool	runtime	-	global|chat|direct	global → chat(override)	GET /api/config; GET /api/config/params-meta	POST /api/config (X-Chat-Id); DELETE /api/config/chat/{key} (сброс override)	bool	view: role-matrix; edit: local_admin/global_admin	flags	flags_chat_behavior	true	false	false	visible	-	chat_profiles.chat_params.overrides	feature_gates/direct_chat_service/workers (hot.get|get_chat_param)	hot.get|get_chat_param	OK
flags.chat_importance_keep_enabled	Importance-удержание verbatim при обрезке	Строки Global_Context с важными маркерами (имена, бот, цитаты, числа, вопросы) не режутся первыми. Выключено — ровно старое поведение.	bool	runtime	-	global|chat|direct	global → chat(override)	GET /api/config; GET /api/config/params-meta	POST /api/config (X-Chat-Id); DELETE /api/config/chat/{key} (сброс override)	bool	view: role-matrix; edit: local_admin/global_admin	flags	flags_chat_behavior	true	false	false	visible	-	chat_profiles.chat_params.overrides	feature_gates/direct_chat_service/workers (hot.get|get_chat_param)	hot.get|get_chat_param	OK
flags.chat_mood_enabled	Определение настроения собеседника	Бот следит за настроением сообщений и подстраивает ответы. Выключено — ответы нейтральные.	bool	runtime	-	global|chat|direct	global → chat(override)	GET /api/config; GET /api/config/params-meta	POST /api/config (X-Chat-Id); DELETE /api/config/chat/{key} (сброс override)	bool	view: role-matrix; edit: local_admin/global_admin	flags	flags_chat_behavior	true	false	false	visible	-	chat_profiles.chat_params.overrides	feature_gates/direct_chat_service/workers (hot.get|get_chat_param)	hot.get|get_chat_param	OK
flags.chat_rag_rerank_enabled	Пересортировка фактов памяти нейросетью	Факты из памяти для ответа фильтруются дешёвой нейросетью. Выключено — порядок поиска как есть, без лишних вызовов.	bool	runtime	-	global|chat|direct	global → chat(override)	GET /api/config; GET /api/config/params-meta	POST /api/config (X-Chat-Id); DELETE /api/config/chat/{key} (сброс override)	bool	view: role-matrix; edit: local_admin/global_admin	flags	flags_memory	true	false	false	visible	-	chat_profiles.chat_params.overrides	feature_gates/direct_chat_service/workers (hot.get|get_chat_param)	hot.get|get_chat_param	OK
flags.chat_running_summary_enabled	Бегущий конспект	Бот держит краткий конспект длинного разговора. Выключено — контекст только из сообщений.	bool	runtime	-	global|chat|direct	global → chat(override)	GET /api/config; GET /api/config/params-meta	POST /api/config (X-Chat-Id); DELETE /api/config/chat/{key} (сброс override)	bool	view: role-matrix; edit: local_admin/global_admin	flags	flags_chat_behavior	true	false	false	visible	-	chat_profiles.chat_params.overrides	feature_gates/direct_chat_service/workers (hot.get|get_chat_param)	hot.get|get_chat_param	OK
flags.chat_silence_enabled	Стачка кулдаунов → молчание	После нескольких кулдаунов подряд бот замолкает на время. Выключено — бот отвечает, как только можно.	bool	runtime	-	global|chat|direct	global → chat(override)	GET /api/config; GET /api/config/params-meta	POST /api/config (X-Chat-Id); DELETE /api/config/chat/{key} (сброс override)	bool	view: role-matrix; edit: local_admin/global_admin	flags	flags_chat_behavior	true	false	false	visible	-	chat_profiles.chat_params.overrides	feature_gates/direct_chat_service/workers (hot.get|get_chat_param)	hot.get|get_chat_param	OK
flags.chat_style_anchors_enabled	Стилевые якоря	Бот запоминает фразы, сказанные вами, и повторяет их стиль. Выключено — стиль не копируется.	bool	runtime	-	global|chat|direct	global → chat(override)	GET /api/config; GET /api/config/params-meta	POST /api/config (X-Chat-Id); DELETE /api/config/chat/{key} (сброс override)	bool	view: role-matrix; edit: local_admin/global_admin	flags	flags_chat_behavior	true	false	false	visible	-	chat_profiles.chat_params.overrides	feature_gates/direct_chat_service/workers (hot.get|get_chat_param)	hot.get|get_chat_param	OK
flags.checkup_enabled	Модуль Диагностика включён	Мастер-рубильник чекапа/диагностики. Выключено — хендлеры чекапа молчат.	bool	runtime	-	global|chat|direct	global → chat(override)	GET /api/config; GET /api/config/params-meta	POST /api/config (X-Chat-Id); DELETE /api/config/chat/{key} (сброс override)	bool	view: role-matrix; edit: local_admin/global_admin	flags	flags_service	true	false	false	visible	-	chat_profiles.chat_params.overrides	feature_gates/direct_chat_service/workers (hot.get|get_chat_param)	hot.get|get_chat_param	OK
flags.checkup_memory_metrics_enabled	Метрики здоровья памяти в чекап	В ежемесячной сводке появится раздел о здоровье памяти. Не нужно — выключи, раздел пропадёт.	bool	runtime	-	global|chat|direct	global → chat(override)	GET /api/config; GET /api/config/params-meta	POST /api/config (X-Chat-Id); DELETE /api/config/chat/{key} (сброс override)	bool	view: role-matrix; edit: local_admin/global_admin	flags	flags_service	true	false	false	visible	-	chat_profiles.chat_params.overrides	feature_gates/direct_chat_service/workers (hot.get|get_chat_param)	hot.get|get_chat_param	OK
flags.common_media_enabled	Все common-медиа	Главный рубильник всех медиа-реакций бота. Выключено — гифки/фото не отправляются вообще.	bool	runtime	-	global|chat|direct	global → chat(override)	GET /api/config; GET /api/config/params-meta	POST /api/config (X-Chat-Id); DELETE /api/config/chat/{key} (сброс override)	bool	view: role-matrix; edit: local_admin/global_admin	flags	flags_media	true	false	false	visible	-	chat_profiles.chat_params.overrides	feature_gates/direct_chat_service/workers (hot.get|get_chat_param)	hot.get|get_chat_param	OK
flags.common_work_media_enabled	Медиа work-подсервиса	Медиа для запросов вроде «устал». Выключишь — останутся только остальные медиа.	bool	runtime	-	global|chat|direct	global → chat(override)	GET /api/config; GET /api/config/params-meta	POST /api/config (X-Chat-Id); DELETE /api/config/chat/{key} (сброс override)	bool	view: role-matrix; edit: local_admin/global_admin	flags	flags_media	true	false	false	visible	-	chat_profiles.chat_params.overrides	feature_gates/direct_chat_service/workers (hot.get|get_chat_param)	hot.get|get_chat_param	OK
flags.db_wal_checkpoint_enabled	Сжатие журнала базы	Технический: периодически ужимает журнал БД. Обычно не трогать.	bool	runtime	-	global|chat|direct	global → chat(override)	GET /api/config; GET /api/config/params-meta	POST /api/config (X-Chat-Id); DELETE /api/config/chat/{key} (сброс override)	bool	view: role-matrix; edit: local_admin/global_admin	flags	flags_service	true	false	false	visible	-	chat_profiles.chat_params.overrides	feature_gates/direct_chat_service/workers (hot.get|get_chat_param)	hot.get|get_chat_param	OK
flags.dead_page_post_on_join	Триггер dead page при join	Бот постит dead page при вступлении участника. Выключено — постится только по команде.	bool	runtime	-	global|chat|direct	global → chat(override)	GET /api/config; GET /api/config/params-meta	POST /api/config (X-Chat-Id); DELETE /api/config/chat/{key} (сброс override)	bool	view: role-matrix; edit: local_admin/global_admin	flags	flags_permsoc_behavior	true	false	false	visible	-	chat_profiles.chat_params.overrides	feature_gates/direct_chat_service/workers (hot.get|get_chat_param)	hot.get|get_chat_param	OK
flags.deep_sleep_enabled	Глубокий сон: мета-синтез (парадигмы)	Рубильник ежедневного «глубокого сна»: после обычного сна воркер ищет связи между свежими событиями и старой историей и сохраняет выводы (парадигмы) как фоновый слой. Выключено (дефолт) — 0 влияния.	bool	runtime	-	global|chat|direct	global → chat(override)	GET /api/config; GET /api/config/params-meta	POST /api/config (X-Chat-Id); DELETE /api/config/chat/{key} (сброс override)	bool	view: role-matrix; edit: local_admin/global_admin	flags	flags_memory	true	false	false	visible	-	chat_profiles.chat_params.overrides	feature_gates/direct_chat_service/workers (hot.get|get_chat_param)	hot.get|get_chat_param	OK
flags.dig_enabled	dig_into_lore: тул включён	Рубильник инструмента глубокого копания в историю чата (direct_chat). Выключено — модель не может вызвать dig_into_lore (0 добавочных раундов).	bool	runtime	-	global|chat|direct	global → chat(override)	GET /api/config; GET /api/config/params-meta	POST /api/config (X-Chat-Id); DELETE /api/config/chat/{key} (сброс override)	bool	view: role-matrix; edit: local_admin/global_admin	flags	flags_memory	true	false	false	visible	-	chat_profiles.chat_params.overrides	feature_gates/direct_chat_service/workers (hot.get|get_chat_param)	hot.get|get_chat_param	OK
flags.dig_pre_gate_enabled	dig_into_lore: пре-гейт маркеров ностальгии	При фразе «помнишь/как мы тогда/год назад/в 2024» бот сам копает историю ДО генерации ответа и кладёт результат в <dig_result>. Выключено (дефолт) — dig только по контракту канона (вызов модели).	bool	runtime	-	global|chat|direct	global → chat(override)	GET /api/config; GET /api/config/params-meta	POST /api/config (X-Chat-Id); DELETE /api/config/chat/{key} (сброс override)	bool	view: role-matrix; edit: local_admin/global_admin	flags	flags_memory	true	false	false	visible	-	chat_profiles.chat_params.overrides	feature_gates/direct_chat_service/workers (hot.get|get_chat_param)	hot.get|get_chat_param	OK
flags.direct_chat_botword_enabled	Триггер «бот»-семьи в чате	Бот отвечает, когда к нему обращаются по имени. Не хочешь — выключи, и обращения останутся без ответа.	bool	runtime	-	global|chat|direct	global → chat(override)	GET /api/config; GET /api/config/params-meta	POST /api/config (X-Chat-Id); DELETE /api/config/chat/{key} (сброс override)	bool	view: role-matrix; edit: local_admin/global_admin	flags	flags_module_direct	true	false	false	visible	-	chat_profiles.chat_params.overrides	feature_gates/direct_chat_service/workers (hot.get|get_chat_param)	hot.get|get_chat_param	OK
flags.download_enabled	Скачивание видео («скачай <ссылка>»)	Команда «скачай <ссылка>» качает видео. Выключишь — команда перестанет работать.	bool	runtime	-	global|chat|direct	global → chat(override)	GET /api/config; GET /api/config/params-meta	POST /api/config (X-Chat-Id); DELETE /api/config/chat/{key} (сброс override)	bool	view: role-matrix; edit: local_admin/global_admin	flags	flags_module_media_download	true	false	false	visible	-	chat_profiles.chat_params.overrides	feature_gates/direct_chat_service/workers (hot.get|get_chat_param)	hot.get|get_chat_param	OK
flags.embed_cache_enabled	Кэш эмбеддингов	Кэширует «отпечатки» текстов — быстрее и дешевле. Выключено — считать каждый раз заново.	bool	runtime	-	global|chat|direct	global → chat(override)	GET /api/config; GET /api/config/params-meta	POST /api/config (X-Chat-Id); DELETE /api/config/chat/{key} (сброс override)	bool	view: role-matrix; edit: local_admin/global_admin	flags	flags_memory	true	false	false	visible	-	chat_profiles.chat_params.overrides	feature_gates/direct_chat_service/workers (hot.get|get_chat_param)	hot.get|get_chat_param	OK
flags.enable_voice_transcription	Транскрипция голосовых	Голосовые превращаются в текст. Выключишь — расшифровка не запустится.	bool	runtime	-	global|chat|direct	global → chat(override)	GET /api/config; GET /api/config/params-meta	POST /api/config (X-Chat-Id); DELETE /api/config/chat/{key} (сброс override)	bool	view: role-matrix; edit: local_admin/global_admin	flags	flags_module_transcribe	true	false	false	visible	-	chat_profiles.chat_params.overrides	feature_gates/direct_chat_service/workers (hot.get|get_chat_param)	hot.get|get_chat_param	OK
flags.factcheck_enabled	Модуль Фактчек включён	Мастер-рубильник проверки фактов. Выключено — бот не отвечает на фактчек-запросы.	bool	runtime	-	global|chat|direct	global → chat(override)	GET /api/config; GET /api/config/params-meta	POST /api/config (X-Chat-Id); DELETE /api/config/chat/{key} (сброс override)	bool	view: role-matrix; edit: local_admin/global_admin	flags	flags_module_factcheck	true	false	false	visible	-	chat_profiles.chat_params.overrides	feature_gates/direct_chat_service/workers (hot.get|get_chat_param)	hot.get|get_chat_param	OK
flags.graph_dedup_enabled	Дедуп фактов при записи	Похожие факты не дублируются в памяти. Выключено — память растёт быстрее и грязнее.	bool	runtime	-	global|chat|direct	global → chat(override)	GET /api/config; GET /api/config/params-meta	POST /api/config (X-Chat-Id); DELETE /api/config/chat/{key} (сброс override)	bool	view: role-matrix; edit: local_admin/global_admin	flags	flags_memory	true	false	false	visible	-	chat_profiles.chat_params.overrides	feature_gates/direct_chat_service/workers (hot.get|get_chat_param)	hot.get|get_chat_param	OK
flags.graph_episode_merge_enabled	Слияние повторяющихся эпизодов	Похожие эпизоды памяти объединяются в один. Выключено — эпизоды копятся отдельно.	bool	runtime	-	global|chat|direct	global → chat(override)	GET /api/config; GET /api/config/params-meta	POST /api/config (X-Chat-Id); DELETE /api/config/chat/{key} (сброс override)	bool	view: role-matrix; edit: local_admin/global_admin	flags	flags_memory	true	false	false	visible	-	chat_profiles.chat_params.overrides	feature_gates/direct_chat_service/workers (hot.get|get_chat_param)	hot.get|get_chat_param	OK
flags.graph_fact_touch_enabled	Продление срока фактов при упоминании	Упоминание факта продлевает ему жизнь. Выключено — срок жизни не продлевается.	bool	runtime	-	global|chat|direct	global → chat(override)	GET /api/config; GET /api/config/params-meta	POST /api/config (X-Chat-Id); DELETE /api/config/chat/{key} (сброс override)	bool	view: role-matrix; edit: local_admin/global_admin	flags	flags_memory	true	false	false	visible	-	chat_profiles.chat_params.overrides	feature_gates/direct_chat_service/workers (hot.get|get_chat_param)	hot.get|get_chat_param	OK
flags.graph_mmr_enabled	Разнообразие фактов из памяти	Ответы по памяти становятся разнообразнее. Выключено — берутся самые похожие факты.	bool	runtime	-	global|chat|direct	global → chat(override)	GET /api/config; GET /api/config/params-meta	POST /api/config (X-Chat-Id); DELETE /api/config/chat/{key} (сброс override)	bool	view: role-matrix; edit: local_admin/global_admin	flags	flags_memory	true	false	false	visible	-	chat_profiles.chat_params.overrides	feature_gates/direct_chat_service/workers (hot.get|get_chat_param)	hot.get|get_chat_param	OK
flags.graph_rag_enabled	Извлечение фактов при архивации	Старые сообщения превращаются в факты для памяти. Выключишь — бот обойдётся кратким сжатием.	bool	runtime	-	global|chat|direct	global → chat(override)	GET /api/config; GET /api/config/params-meta	POST /api/config (X-Chat-Id); DELETE /api/config/chat/{key} (сброс override)	bool	view: role-matrix; edit: local_admin/global_admin	flags	flags_memory	true	false	false	visible	-	chat_profiles.chat_params.overrides	feature_gates/direct_chat_service/workers (hot.get|get_chat_param)	hot.get|get_chat_param	OK
flags.graph_review_enabled	Периодический пересмотр фактов	Бот регулярно пересматривает и чистит память. Выключено — чистка только при архивации.	bool	runtime	-	global|chat|direct	global → chat(override)	GET /api/config; GET /api/config/params-meta	POST /api/config (X-Chat-Id); DELETE /api/config/chat/{key} (сброс override)	bool	view: role-matrix; edit: local_admin/global_admin	flags	flags_memory	true	false	false	visible	-	chat_profiles.chat_params.overrides	feature_gates/direct_chat_service/workers (hot.get|get_chat_param)	hot.get|get_chat_param	OK
flags.graph_time_decay_enabled	Time-decay весов фактов	Старые факты со временем становятся менее важными. Выключено — важность не устаревает.	bool	runtime	-	global|chat|direct	global → chat(override)	GET /api/config; GET /api/config/params-meta	POST /api/config (X-Chat-Id); DELETE /api/config/chat/{key} (сброс override)	bool	view: role-matrix; edit: local_admin/global_admin	flags	flags_memory	true	false	false	visible	-	chat_profiles.chat_params.overrides	feature_gates/direct_chat_service/workers (hot.get|get_chat_param)	hot.get|get_chat_param	OK
flags.graph_user_quota_enabled	Квота памяти на человека	Ограничивает объём памяти на каждого человека. Выключено — память без потолка.	bool	runtime	-	global|chat|direct	global → chat(override)	GET /api/config; GET /api/config/params-meta	POST /api/config (X-Chat-Id); DELETE /api/config/chat/{key} (сброс override)	bool	view: role-matrix; edit: local_admin/global_admin	flags	flags_memory	true	false	false	visible	-	chat_profiles.chat_params.overrides	feature_gates/direct_chat_service/workers (hot.get|get_chat_param)	hot.get|get_chat_param	OK
flags.image_generation_module_enabled	Модуль генерации изображений включён	Бот рисует картинки по просьбе («Бот, нарисуй …») и через инструмент generate_image. Выключено — генерация недоступна, остальные функции работают как раньше.	bool	runtime	-	global|chat|direct	global → chat(override)	GET /api/config; GET /api/config/params-meta	POST /api/config (X-Chat-Id); DELETE /api/config/chat/{key} (сброс override)	bool	view: role-matrix; edit: local_admin/global_admin	flags	flags_module_images	true	false	false	visible	-	bot_settings + chat_profiles.chat_params.overrides	ConfigCache / hot.get|get_chat_param	hot.get|get_chat_param	new
flags.irony_filter_enabled	Ирония: фильтр досье (мемы vs факты)	Воркер досье отделяет шутки и абсурдные титулы от реальных фактов и подаёт их в контекст двумя блоками: [Факты] и [Локальные мемы/Ярлыки]. Выключено (дефолт) — выключает классификацию и блоки досье, но НЕ убирает иронич…	bool	runtime	-	global|chat|direct	global → chat(override)	GET /api/config; GET /api/config/params-meta	POST /api/config (X-Chat-Id); DELETE /api/config/chat/{key} (сброс override)	bool	view: role-matrix; edit: local_admin/global_admin	flags	flags_relations	true	false	false	visible	-	chat_profiles.chat_params.overrides	feature_gates/direct_chat_service/workers (hot.get|get_chat_param)	hot.get|get_chat_param	OK
flags.kostik_enabled	Костик включён	Бот отвечает на сообщения Кости репликами-фразами. Выключишь — Костя замолкает, остальные персоны работают как обычно.	bool	runtime	-	global|chat|direct	global → chat(override)	GET /api/config; GET /api/config/params-meta	POST /api/config (X-Chat-Id); DELETE /api/config/chat/{key} (сброс override)	bool	view: role-matrix; edit: local_admin/global_admin	flags	flags_permsoc	true	false	false	visible	-	chat_profiles.chat_params.overrides	feature_gates/direct_chat_service/workers (hot.get|get_chat_param)	hot.get|get_chat_param	OK
flags.llm_cb_enabled	Circuit Breaker direct_chat	«Рубильник» при сбоях нейросети: временно не дёргает её. Выключено — бот пробует всегда.	bool	runtime	-	global|chat|direct	global → chat(override)	GET /api/config; GET /api/config/params-meta	POST /api/config (X-Chat-Id); DELETE /api/config/chat/{key} (сброс override)	bool	view: role-matrix; edit: local_admin/global_admin	flags	flags_service	true	false	false	visible	-	chat_profiles.chat_params.overrides	feature_gates/direct_chat_service/workers (hot.get|get_chat_param)	hot.get|get_chat_param	OK
flags.lore_auto_enabled	Лор чатов: авто-генерация	Разрешает авто-прогоны генерации лора по расписанию. Выключено — генерация только вручную («Сгенерировать сейчас»).	bool	runtime	-	global|chat|direct	global → chat(override)	GET /api/config; GET /api/config/params-meta	POST /api/config (X-Chat-Id); DELETE /api/config/chat/{key} (сброс override)	bool	view: role-matrix; edit: local_admin/global_admin	flags	flags_lore	true	false	false	visible	-	chat_profiles.chat_params.overrides	feature_gates/direct_chat_service/workers (hot.get|get_chat_param)	hot.get|get_chat_param	OK
flags.lore_compiler_enabled	Летописец: тул compile_lore_story включён	Рубильник нового инструмента compile_lore_story: бот рассказывает комедийные истории по лору чата («поясни за…», «расскажи историю про…»). Дефолт — ВКЛ. Выключено — модель не может вызвать compile_lore_story, остальные …	bool	runtime	-	global|chat|direct	global → chat(override)	GET /api/config; GET /api/config/params-meta	POST /api/config (X-Chat-Id); DELETE /api/config/chat/{key} (сброс override)	bool	view: role-matrix; edit: local_admin/global_admin	flags	flags_module_direct	true	false	false	visible	-	bot_settings + chat_profiles.chat_params.overrides	ConfigCache / hot.get|get_chat_param	hot.get|get_chat_param	new
flags.lore_inject_enabled	Лор чатов: инжект в контекст	Добавляет блок лора в контекст прямого чата. Выключено — ровно старое поведение (SQLite-легаси).	bool	runtime	-	global|chat|direct	global → chat(override)	GET /api/config; GET /api/config/params-meta	POST /api/config (X-Chat-Id); DELETE /api/config/chat/{key} (сброс override)	bool	view: role-matrix; edit: local_admin/global_admin	flags	flags_lore	true	false	false	visible	-	chat_profiles.chat_params.overrides	feature_gates/direct_chat_service/workers (hot.get|get_chat_param)	hot.get|get_chat_param	OK
flags.lore_worker_enabled	Лор чатов: фоновый воркер	Планирует тик-цикл воркера (обход активных чатов и генерация лора). Выключено — воркер не запускается.	bool	runtime	-	global|chat|direct	global → chat(override)	GET /api/config; GET /api/config/params-meta	POST /api/config (X-Chat-Id); DELETE /api/config/chat/{key} (сброс override)	bool	view: role-matrix; edit: local_admin/global_admin	flags	flags_lore	true	false	false	visible	-	chat_profiles.chat_params.overrides	feature_gates/direct_chat_service/workers (hot.get|get_chat_param)	hot.get|get_chat_param	OK
flags.memory_backup_enabled	Ежедневный бэкап памяти	Раз в сутки бот копирует память в резерв. Выключишь — копий не будет.	bool	runtime	-	global|chat|direct	global → chat(override)	GET /api/config; GET /api/config/params-meta	POST /api/config (X-Chat-Id); DELETE /api/config/chat/{key} (сброс override)	bool	view: role-matrix; edit: local_admin/global_admin	flags	flags_memory	true	false	false	visible	-	chat_profiles.chat_params.overrides	feature_gates/direct_chat_service/workers (hot.get|get_chat_param)	hot.get|get_chat_param	OK
flags.memory_commands_user_enabled	Память-команды «запомни/забудь» для участников	Выключено — «запомни/забудь» доступны только админу и модераторам; участникам бот отвечает отказом и команду не исполняет.	bool	runtime	-	global|chat|direct	global → chat(override)	GET /api/config; GET /api/config/params-meta	POST /api/config (X-Chat-Id); DELETE /api/config/chat/{key} (сброс override)	bool	view: role-matrix; edit: local_admin/global_admin	flags	flags_memory	true	false	false	visible	-	chat_profiles.chat_params.overrides	feature_gates/direct_chat_service/workers (hot.get|get_chat_param)	hot.get|get_chat_param	OK
flags.mimic_enabled	Мимикрия включена	Бот передразнивает людей из списка «жертв». Выключишь — передразнивания прекратятся, остальные персоны не пострадают.	bool	runtime	-	global|chat|direct	global → chat(override)	GET /api/config; GET /api/config/params-meta	POST /api/config (X-Chat-Id); DELETE /api/config/chat/{key} (сброс override)	bool	view: role-matrix; edit: local_admin/global_admin	flags	flags_permsoc	true	false	false	visible	-	chat_profiles.chat_params.overrides	feature_gates/direct_chat_service/workers (hot.get|get_chat_param)	hot.get|get_chat_param	OK
flags.mimic_forwards_enabled	Мимикрировать репосты	Бот передразнивает и обычные, и пересланные сообщения. Выключено — только обычные.	bool	runtime	-	global|chat|direct	global → chat(override)	GET /api/config; GET /api/config/params-meta	POST /api/config (X-Chat-Id); DELETE /api/config/chat/{key} (сброс override)	bool	view: role-matrix; edit: local_admin/global_admin	flags	flags_media	true	false	false	visible	-	chat_profiles.chat_params.overrides	feature_gates/direct_chat_service/workers (hot.get|get_chat_param)	hot.get|get_chat_param	OK
flags.olya_always_send	Реакция на ВСЕ видео Оли	Бот реагирует на каждое видео Оли. Выключено — с перерывами.	bool	runtime	-	global|chat|direct	global → chat(override)	GET /api/config; GET /api/config/params-meta	POST /api/config (X-Chat-Id); DELETE /api/config/chat/{key} (сброс override)	bool	view: role-matrix; edit: local_admin/global_admin	flags	flags_media	true	false	false	visible	-	chat_profiles.chat_params.overrides	feature_gates/direct_chat_service/workers (hot.get|get_chat_param)	hot.get|get_chat_param	OK
flags.olya_caption_enabled	Капшн ответов Оли	Под ответами Оли появляется подпись. Выключишь — бот ответит без неё.	bool	runtime	-	global|chat|direct	global → chat(override)	GET /api/config; GET /api/config/params-meta	POST /api/config (X-Chat-Id); DELETE /api/config/chat/{key} (сброс override)	bool	view: role-matrix; edit: local_admin/global_admin	flags	flags_media	true	false	false	visible	-	chat_profiles.chat_params.overrides	feature_gates/direct_chat_service/workers (hot.get|get_chat_param)	hot.get|get_chat_param	OK
flags.olya_caption_mention_enabled	Триггер @SaveAsBot в капшне	Бот реагирует на @SaveAsBot в подписи Оли. Выключишь — упоминание останется незамеченным.	bool	runtime	-	global|chat|direct	global → chat(override)	GET /api/config; GET /api/config/params-meta	POST /api/config (X-Chat-Id); DELETE /api/config/chat/{key} (сброс override)	bool	view: role-matrix; edit: local_admin/global_admin	flags	flags_media	true	false	false	visible	-	chat_profiles.chat_params.overrides	feature_gates/direct_chat_service/workers (hot.get|get_chat_param)	hot.get|get_chat_param	OK
flags.olya_enabled	Оля включена	Бот отвечает на видео Оли. Выключишь — её видео останутся без реакции.	bool	runtime	-	global|chat|direct	global → chat(override)	GET /api/config; GET /api/config/params-meta	POST /api/config (X-Chat-Id); DELETE /api/config/chat/{key} (сброс override)	bool	view: role-matrix; edit: local_admin/global_admin	flags	flags_permsoc	true	false	false	visible	-	chat_profiles.chat_params.overrides	feature_gates/direct_chat_service/workers (hot.get|get_chat_param)	hot.get|get_chat_param	OK
flags.olya_repost_enabled	Ответ репостом Оли	Оля отвечает репостом видео. Выключено — обычным сообщением.	bool	runtime	-	global|chat|direct	global → chat(override)	GET /api/config; GET /api/config/params-meta	POST /api/config (X-Chat-Id); DELETE /api/config/chat/{key} (сброс override)	bool	view: role-matrix; edit: local_admin/global_admin	flags	flags_media	true	false	false	visible	-	chat_profiles.chat_params.overrides	feature_gates/direct_chat_service/workers (hot.get|get_chat_param)	hot.get|get_chat_param	OK
flags.permsoc_enabled	Функции PERMsoc: мастер-тумблер	Главный выключатель всех персонажей PERMsoc. Выключишь — Славик, Костя, Леха, Оля и передразнивания молчат; каждый чат можно включить отдельно.	bool	runtime	-	global|chat|direct	global → chat(override)	GET /api/config; GET /api/config/params-meta	POST /api/config (X-Chat-Id); DELETE /api/config/chat/{key} (сброс override)	bool	view: role-matrix; edit: local_admin/global_admin	flags	flags_permsoc	true	false	false	visible	-	chat_profiles.chat_params.overrides	feature_gates/direct_chat_service/workers (hot.get|get_chat_param)	hot.get|get_chat_param	OK
flags.persona_enabled	Личность бота (Persona)	Имя, биография, характер и динамические черты бота. Выключено — поведение прежнее, персональные настройки не влияют.	bool	runtime	-	global|chat|direct	global → chat(override)	GET /api/config; GET /api/config/params-meta	POST /api/config (X-Chat-Id); DELETE /api/config/chat/{key} (сброс override)	bool	view: role-matrix; edit: local_admin/global_admin	flags	flags_memory	true	false	false	visible	-	chat_profiles.chat_params.overrides	feature_gates/direct_chat_service/workers (hot.get|get_chat_param)	hot.get|get_chat_param	OK
flags.relations_tone_enabled	Отношения: тон по стадиям	Глобальный рубильник тона по стадиям участников (блок <user_relations> в контекст прямого чата). Выключено (дефолт) — 0 влияния на поведение; per-chat включается колонкой relations_enabled профиля в «Лор чатов».	bool	runtime	-	global|chat|direct	global → chat(override)	GET /api/config; GET /api/config/params-meta	POST /api/config (X-Chat-Id); DELETE /api/config/chat/{key} (сброс override)	bool	view: role-matrix; edit: local_admin/global_admin	flags	flags_relations	true	false	false	visible	-	chat_profiles.chat_params.overrides	feature_gates/direct_chat_service/workers (hot.get|get_chat_param)	hot.get|get_chat_param	OK
flags.search_enabled	Модуль Поиск включён	Мастер-рубильник интернет-поиска. Выключено — бот не ищет в интернете.	bool	runtime	-	global|chat|direct	global → chat(override)	GET /api/config; GET /api/config/params-meta	POST /api/config (X-Chat-Id); DELETE /api/config/chat/{key} (сброс override)	bool	view: role-matrix; edit: local_admin/global_admin	flags	flags_module_search	true	false	false	visible	-	chat_profiles.chat_params.overrides	feature_gates/direct_chat_service/workers (hot.get|get_chat_param)	hot.get|get_chat_param	OK
flags.search_rerank_enabled	Пересортировка результатов поиска	Включает дополнительную сортировку результатов поиска нейросетью. Дороже, но точнее.	bool	runtime	-	global|chat|direct	global → chat(override)	GET /api/config; GET /api/config/params-meta	POST /api/config (X-Chat-Id); DELETE /api/config/chat/{key} (сброс override)	bool	view: role-matrix; edit: local_admin/global_admin	flags	flags_module_search	true	false	false	visible	-	chat_profiles.chat_params.overrides	feature_gates/direct_chat_service/workers (hot.get|get_chat_param)	hot.get|get_chat_param	OK
flags.slavik_enabled	Славик включён	Славик шутит, кидает фото и гифку. Выключишь — он замолкает, а Костя, Леха и Оля работают как обычно.	bool	runtime	-	global|chat|direct	global → chat(override)	GET /api/config; GET /api/config/params-meta	POST /api/config (X-Chat-Id); DELETE /api/config/chat/{key} (сброс override)	bool	view: role-matrix; edit: local_admin/global_admin	flags	flags_permsoc	true	false	false	visible	-	chat_profiles.chat_params.overrides	feature_gates/direct_chat_service/workers (hot.get|get_chat_param)	hot.get|get_chat_param	OK
flags.smart_cache_enabled	Exact Match Cache	Кэш точных повторов вопросов — бот отвечает мгновенно из памяти. Выключено — всегда новый ответ.	bool	runtime	-	global|chat|direct	global → chat(override)	GET /api/config; GET /api/config/params-meta	POST /api/config (X-Chat-Id); DELETE /api/config/chat/{key} (сброс override)	bool	view: role-matrix; edit: local_admin/global_admin	flags	flags_smart_cache	true	false	false	visible	-	chat_profiles.chat_params.overrides	feature_gates/direct_chat_service/workers (hot.get|get_chat_param)	hot.get|get_chat_param	OK
flags.summary_admin_only	Саммари только для админа	Пересказы доступны только админу. Выключено — по списку разрешённых.	bool	runtime	-	global|chat|direct	global → chat(override)	GET /api/config; GET /api/config/params-meta	POST /api/config (X-Chat-Id); DELETE /api/config/chat/{key} (сброс override)	bool	view: role-matrix; edit: local_admin/global_admin	flags	flags_summary	true	false	false	visible	-	chat_profiles.chat_params.overrides	feature_gates/direct_chat_service/workers (hot.get|get_chat_param)	hot.get|get_chat_param	OK
flags.summary_enabled	Модуль саммари включён	Пересказы разговоров и каналов. Не нужны — выключи, и бот перестанет их делать.	bool	runtime	-	global|chat|direct	global → chat(override)	GET /api/config; GET /api/config/params-meta	POST /api/config (X-Chat-Id); DELETE /api/config/chat/{key} (сброс override)	bool	view: role-matrix; edit: local_admin/global_admin	flags	flags_module_summary	true	false	false	visible	-	chat_profiles.chat_params.overrides	feature_gates/direct_chat_service/workers (hot.get|get_chat_param)	hot.get|get_chat_param	OK
flags.summary_filter_enabled	Алгоритмическая предфильтрация	Бот отсеивает мусорные сообщения перед пересказом (адресные, ответы, всплески, длинные). По умолчанию включено.	bool	runtime	-	global|chat|direct	global → chat(override)	GET /api/config; GET /api/config/params-meta	POST /api/config (X-Chat-Id); DELETE /api/config/chat/{key} (сброс override)	bool	view: role-matrix; edit: local_admin/global_admin	flags	flags_summary_filter	true	false	false	visible	-	bot_settings + chat_profiles.chat_params.overrides	ConfigCache / hot.get|get_chat_param	hot.get|get_chat_param	new
flags.summary_filter_reply_context_enabled	Учитывать ответы (reply-контекст)	Сообщение, на которое кто-то ответил, получает повышенный вес. Выключено — этот критерий не начисляется.	bool	runtime	-	global|chat|direct	global → chat(override)	GET /api/config; GET /api/config/params-meta	POST /api/config (X-Chat-Id); DELETE /api/config/chat/{key} (сброс override)	bool	view: role-matrix; edit: local_admin/global_admin	flags	flags_summary_filter	true	false	false	visible	-	bot_settings + chat_profiles.chat_params.overrides	ConfigCache / hot.get|get_chat_param	hot.get|get_chat_param	new
flags.summary_streaming_enabled	Стриминг саммари (placeholder + edit)	Пересказы появляются постепенно, а не одним куском. Выключено — ответ приходит целиком.	bool	runtime	-	global|chat|direct	global → chat(override)	GET /api/config; GET /api/config/params-meta	POST /api/config (X-Chat-Id); DELETE /api/config/chat/{key} (сброс override)	bool	view: role-matrix; edit: local_admin/global_admin	flags	flags_summary	true	false	false	visible	-	chat_profiles.chat_params.overrides	feature_gates/direct_chat_service/workers (hot.get|get_chat_param)	hot.get|get_chat_param	OK
flags.throttle_persistent_enabled	Персистентный троттлинг	Модули общими силами следят за частотой запросов. Выключишь — каждый ограничивает себя сам.	bool	runtime	-	global|chat|direct	global → chat(override)	GET /api/config; GET /api/config/params-meta	POST /api/config (X-Chat-Id); DELETE /api/config/chat/{key} (сброс override)	bool	view: role-matrix; edit: local_admin/global_admin	flags	flags_throttle	true	false	false	visible	-	chat_profiles.chat_params.overrides	feature_gates/direct_chat_service/workers (hot.get|get_chat_param)	hot.get|get_chat_param	OK
flags.typing_indicator_enabled	Индикатор «печатает…»	Бот показывает «печатает…» пока думает. Выключено — индикатора нет.	bool	runtime	-	global|chat|direct	global → chat(override)	GET /api/config; GET /api/config/params-meta	POST /api/config (X-Chat-Id); DELETE /api/config/chat/{key} (сброс override)	bool	view: role-matrix; edit: local_admin/global_admin	flags	flags_chat_behavior	true	false	false	visible	-	chat_profiles.chat_params.overrides	feature_gates/direct_chat_service/workers (hot.get|get_chat_param)	hot.get|get_chat_param	OK
flags.vec_int8_enabled	int8-сжатие векторов	Сжимает «отпечатки» текста — память занимает меньше места. Выключено — точнее, но тяжелее.	bool	runtime	-	global|chat|direct	global → chat(override)	GET /api/config; GET /api/config/params-meta	POST /api/config (X-Chat-Id); DELETE /api/config/chat/{key} (сброс override)	bool	view: role-matrix; edit: local_admin/global_admin	flags	flags_memory	true	false	false	visible	-	chat_profiles.chat_params.overrides	feature_gates/direct_chat_service/workers (hot.get|get_chat_param)	hot.get|get_chat_param	OK
flags.video_summary_enabled	Модуль Выжимка видео включён	Мастер-рубильник пересказа видео. Выключено — summary-пути молчат; «транскрипт» продолжает работать.	bool	runtime	-	global|chat|direct	global → chat(override)	GET /api/config; GET /api/config/params-meta	POST /api/config (X-Chat-Id); DELETE /api/config/chat/{key} (сброс override)	bool	view: role-matrix; edit: local_admin/global_admin	flags	flags_module_video_summary	true	false	false	visible	-	chat_profiles.chat_params.overrides	feature_gates/direct_chat_service/workers (hot.get|get_chat_param)	hot.get|get_chat_param	OK
flags.webpage_enabled	Модуль Веб-страницы включён	Мастер-рубильник пересказа веб-страниц. Выключено — бот не пересказывает страницы.	bool	runtime	-	global|chat|direct	global → chat(override)	GET /api/config; GET /api/config/params-meta	POST /api/config (X-Chat-Id); DELETE /api/config/chat/{key} (сброс override)	bool	view: role-matrix; edit: local_admin/global_admin	flags	flags_module_web	true	false	false	visible	-	chat_profiles.chat_params.overrides	feature_gates/direct_chat_service/workers (hot.get|get_chat_param)	hot.get|get_chat_param	OK
flags.ytdlp_for_youtube	yt-dlp для YouTube (вместо cobalt)	Для YouTube бот запускает локальный движок. Выключишь — вернётся прежний способ.	bool	runtime	-	global|chat|direct	global → chat(override)	GET /api/config; GET /api/config/params-meta	POST /api/config (X-Chat-Id); DELETE /api/config/chat/{key} (сброс override)	bool	view: role-matrix; edit: local_admin/global_admin	flags	flags_module_media_download	true	false	false	visible	-	chat_profiles.chat_params.overrides	feature_gates/direct_chat_service/workers (hot.get|get_chat_param)	hot.get|get_chat_param	OK
info_text_file	Путь к info_text.md	-	str	runtime	-	global(infra)	n/a	нет API (env-only)	нет API (env-only)	n/a (env)	n/a (env-only)	infra	-	false	false	false	api-only	-	env/.env	ConfigCache / hot.get|get_chat_param	hot.get|get_chat_param	new
keys.checkup_betterstack_sql_password	Пароль Betterstack SQL	Пароль базы метрик Betterstack для чекапа. Взять: кабинет сервиса.	str	{configured,last4}	{configured,last4}	global	global	GET /api/config (маска {configured,last4}); GET /api/config/keys/own; GET /api/config/keys/status	PUT /api/config/keys/own; DELETE /api/config/keys/own/{key_name}	str	view/edit: global_admin (BYOK); raw недоступен	keys	keys_betterstack	false	true	false	visible	-	bot_settings	llm_client/llm_probe/status_service (hot.get; BYOK — chat_keys)	hot.get	OK
keys.checkup_betterstack_sql_user	Пользователь Betterstack SQL	Логин базы метрик Betterstack для чекапа. Взять: кабинет сервиса.	str	{configured,last4}	{configured,last4}	global	global	GET /api/config (маска {configured,last4}); GET /api/config/keys/own; GET /api/config/keys/status	PUT /api/config/keys/own; DELETE /api/config/keys/own/{key_name}	str	view/edit: global_admin (BYOK); raw недоступен	keys	keys_betterstack	false	true	false	visible	-	bot_settings	llm_client/llm_probe/status_service (hot.get; BYOK — chat_keys)	hot.get	OK
keys.embedding_api_key	Ключ основной модели памяти	Ключ провайдера основной модели «отпечатков» текста. Пусто — используется ключ основной нейросети.	str	{configured,last4}	{configured,last4}	global	global	GET /api/config (маска {configured,last4}); GET /api/config/keys/own; GET /api/config/keys/status	PUT /api/config/keys/own; DELETE /api/config/keys/own/{key_name}	str	view/edit: global_admin (BYOK); raw недоступен	keys	keys_llm	false	true	false	visible	-	bot_settings	llm_client/llm_probe/status_service (hot.get; BYOK — chat_keys)	hot.get	OK
keys.embedding_fallback_api_key	Ключ запасной модели памяти	Ключ первой запасной модели «отпечатков» текста (если основная не отдаёт эмбеддинги). Получить: кабинет провайдера.	str	{configured,last4}	{configured,last4}	global	global	GET /api/config (маска {configured,last4}); GET /api/config/keys/own; GET /api/config/keys/status	PUT /api/config/keys/own; DELETE /api/config/keys/own/{key_name}	str	view/edit: global_admin (BYOK); raw недоступен	keys	keys_llm	false	true	false	visible	-	bot_settings	llm_client/llm_probe/status_service (hot.get; BYOK — chat_keys)	hot.get	OK
keys.embedding_fallback_api_key_2	Ключ второй запасной модели памяти	Ключ второй запасной модели «отпечатков» текста — запасной аккаунт того же провайдера. Получить: кабинет провайдера.	str	{configured,last4}	{configured,last4}	global	global	GET /api/config (маска {configured,last4}); GET /api/config/keys/own; GET /api/config/keys/status	PUT /api/config/keys/own; DELETE /api/config/keys/own/{key_name}	str	view/edit: global_admin (BYOK); raw недоступен	keys	keys_llm	false	true	false	visible	-	bot_settings	llm_client/llm_probe/status_service (hot.get; BYOK — chat_keys)	hot.get	OK
keys.exa_api_key	Ключ Exa	Ключ интернет-поиска (Exa) — резервный источник. Получить: exa.ai.	str	{configured,last4}	{configured,last4}	global	global	GET /api/config (маска {configured,last4}); GET /api/config/keys/own; GET /api/config/keys/status	PUT /api/config/keys/own; DELETE /api/config/keys/own/{key_name}	str	view/edit: global_admin (BYOK); raw недоступен	keys	keys_search	false	true	false	visible	-	bot_settings	llm_client/llm_probe/status_service (hot.get; BYOK — chat_keys)	hot.get	OK
keys.groq_api_key	Ключ Groq	Ключ сервиса Groq — им бот распознаёт голосовые сообщения. Получить: console.groq.com.	str	{configured,last4}	{configured,last4}	global	global	GET /api/config (маска {configured,last4}); GET /api/config/keys/own; GET /api/config/keys/status	PUT /api/config/keys/own; DELETE /api/config/keys/own/{key_name}	str	view/edit: global_admin (BYOK); raw недоступен	keys	keys_groq	false	true	false	visible	-	bot_settings	llm_client/llm_probe/status_service (hot.get; BYOK — chat_keys)	hot.get	OK
keys.image_api_key	Ключ генерации изображений	Ключ провайдера генерации изображений. Хранится только в настройках или .env, в интерфейсе показывается маской.	str	{configured,last4}	{configured,last4}	global	global	GET /api/config (маска {configured,last4}); GET /api/config/keys/own; GET /api/config/keys/status	PUT /api/config/keys/own; DELETE /api/config/keys/own/{key_name}	str	view/edit: global_admin (BYOK); raw недоступен	keys	keys_images	false	true	false	visible	-	bot_settings	ConfigCache / hot.get|get_chat_param	hot.get|get_chat_param	new
keys.intel_bg_api_key	Ключ нейросети для фоновых проверок	Ключ отдельной нейросети для фоновых проверок (оценка важности). Пусто — используется ключ основной нейросети.	str	{configured,last4}	{configured,last4}	global	global	GET /api/config (маска {configured,last4}); GET /api/config/keys/own; GET /api/config/keys/status	PUT /api/config/keys/own; DELETE /api/config/keys/own/{key_name}	str	view/edit: global_admin (BYOK); raw недоступен	keys	keys_llm	false	true	false	visible	-	bot_settings	llm_client/llm_probe/status_service (hot.get; BYOK — chat_keys)	hot.get	OK
keys.intel_history_api_key	Ключ нейросети для Вех и Лора	Ключ отдельной нейросети для исторической памяти (Вехи/Лор). Пусто — используется ключ основной нейросети.	str	{configured,last4}	{configured,last4}	global	global	GET /api/config (маска {configured,last4}); GET /api/config/keys/own; GET /api/config/keys/status	PUT /api/config/keys/own; DELETE /api/config/keys/own/{key_name}	str	view/edit: global_admin (BYOK); raw недоступен	keys	keys_llm	false	true	false	visible	-	bot_settings	llm_client/llm_probe/status_service (hot.get; BYOK — chat_keys)	hot.get	OK
keys.intel_reflection_api_key	Ключ нейросети саморефлексии	Ключ отдельной нейросети для экстрактора сути (саморефлексия). Пусто — используется ключ основной нейросети.	str	{configured,last4}	{configured,last4}	global	global	GET /api/config (маска {configured,last4}); GET /api/config/keys/own; GET /api/config/keys/status	PUT /api/config/keys/own; DELETE /api/config/keys/own/{key_name}	str	view/edit: global_admin (BYOK); raw недоступен	keys	keys_llm	false	true	false	visible	-	bot_settings	llm_client/llm_probe/status_service (hot.get; BYOK — chat_keys)	hot.get	OK
keys.llm_api_key	Ключ основной нейросети	Ключ основной нейросети — через него идёт почти вся работа бота. Взять: кабинет провайдера.	str	{configured,last4}	{configured,last4}	global	global	GET /api/config (маска {configured,last4}); GET /api/config/keys/own; GET /api/config/keys/status	PUT /api/config/keys/own; DELETE /api/config/keys/own/{key_name}	str	view/edit: global_admin (BYOK); raw недоступен	keys	keys_llm	false	true	false	visible	-	bot_settings	llm_client/llm_probe/status_service (hot.get; BYOK — chat_keys)	hot.get	OK
keys.llm_fallback_api_key	Ключ запасной нейросети	Ключ запасной нейросети на случай сбоя основной. Получить: кабинет запасного провайдера.	str	{configured,last4}	{configured,last4}	global	global	GET /api/config (маска {configured,last4}); GET /api/config/keys/own; GET /api/config/keys/status	PUT /api/config/keys/own; DELETE /api/config/keys/own/{key_name}	str	view/edit: global_admin (BYOK); raw недоступен	keys	keys_llm	false	true	false	visible	-	bot_settings	llm_client/llm_probe/status_service (hot.get; BYOK — chat_keys)	hot.get	OK
keys.media_share_secret	Секрет подписи /media-ссылок	Секрет подписи временных ссылок на опубликованное видео. Пусто — публикация выключена, ролики пересказываются по звуку.	str	{configured,last4}	{configured,last4}	global	global	GET /api/config (маска {configured,last4}); GET /api/config/keys/own; GET /api/config/keys/status	PUT /api/config/keys/own; DELETE /api/config/keys/own/{key_name}	str	view/edit: global_admin (BYOK); raw недоступен	keys	keys_media	false	true	false	visible	-	bot_settings	llm_client/llm_probe/status_service (hot.get; BYOK — chat_keys)	hot.get	OK
keys.openrouter_api_key	Ключ OpenRouter	Ключ сервиса OpenRouter — пересказы видео и страниц. Получить: openrouter.ai.	str	{configured,last4}	{configured,last4}	global	global	GET /api/config (маска {configured,last4}); GET /api/config/keys/own; GET /api/config/keys/status	PUT /api/config/keys/own; DELETE /api/config/keys/own/{key_name}	str	view/edit: global_admin (BYOK); raw недоступен	keys	keys_openrouter	false	true	false	visible	-	bot_settings	llm_client/llm_probe/status_service (hot.get; BYOK — chat_keys)	hot.get	OK
keys.tavily_api_key	Ключ Tavily	Ключ интернет-поиска (Tavily) — бот ищет по нему. Получить: tavily.com.	str	{configured,last4}	{configured,last4}	global	global	GET /api/config (маска {configured,last4}); GET /api/config/keys/own; GET /api/config/keys/status	PUT /api/config/keys/own; DELETE /api/config/keys/own/{key_name}	str	view/edit: global_admin (BYOK); raw недоступен	keys	keys_search	false	true	false	visible	-	bot_settings	llm_client/llm_probe/status_service (hot.get; BYOK — chat_keys)	hot.get	OK
keys.youtube_cookies_file	Путь к файлу пропусков YouTube (Netscape)	Файл с сохранёнными пропусками браузера для YouTube. Помогает получать субтитры, обновляется вручную.	str	{configured,last4}	{configured,last4}	global	global	GET /api/config (маска {configured,last4}); GET /api/config/keys/own; GET /api/config/keys/status	PUT /api/config/keys/own; DELETE /api/config/keys/own/{key_name}	str	view/edit: global_admin (BYOK); raw недоступен	keys	keys_youtube	false	true	false	visible	-	bot_settings	llm_client/llm_probe/status_service (hot.get; BYOK — chat_keys)	hot.get	OK
keys.youtube_transcript_proxy_password	Пароль resident-прокси Webshare	Пароль резидент-прокси Webshare для субтитров. Получить: webshare.io.	str	{configured,last4}	{configured,last4}	global	global	GET /api/config (маска {configured,last4}); GET /api/config/keys/own; GET /api/config/keys/status	PUT /api/config/keys/own; DELETE /api/config/keys/own/{key_name}	str	view/edit: global_admin (BYOK); raw недоступен	keys	keys_youtube	false	true	false	visible	-	bot_settings	llm_client/llm_probe/status_service (hot.get; BYOK — chat_keys)	hot.get	OK
keys.youtube_transcript_proxy_url	Прокси YouTube (логин:пароль)	Адрес прокси с логином и паролем — через него бот берёт субтитры YouTube. Получить: кабинет прокси-сервиса.	str	{configured,last4}	{configured,last4}	global	global	GET /api/config (маска {configured,last4}); GET /api/config/keys/own; GET /api/config/keys/status	PUT /api/config/keys/own; DELETE /api/config/keys/own/{key_name}	str	view/edit: global_admin (BYOK); raw недоступен	keys	keys_youtube	false	true	false	visible	-	bot_settings	llm_client/llm_probe/status_service (hot.get; BYOK — chat_keys)	hot.get	OK
keys.youtube_transcript_proxy_username	Логин resident-прокси Webshare	Логин резидент-прокси Webshare для субтитров. Получить: webshare.io.	str	{configured,last4}	{configured,last4}	global	global	GET /api/config (маска {configured,last4}); GET /api/config/keys/own; GET /api/config/keys/status	PUT /api/config/keys/own; DELETE /api/config/keys/own/{key_name}	str	view/edit: global_admin (BYOK); raw недоступен	keys	keys_youtube	false	true	false	visible	-	bot_settings	llm_client/llm_probe/status_service (hot.get; BYOK — chat_keys)	hot.get	OK
limits.alan_greeting_cooldown	Кулдаун приветствия Лехи, сек	Как часто Леха здоровается. Больше — реже приветствия.	int	runtime	-	global|chat|direct	global → chat(override)	GET /api/config; GET /api/config/params-meta	POST /api/config (X-Chat-Id); DELETE /api/config/chat/{key} (сброс override)	int	view: role-matrix; edit: local_admin/global_admin	limits	limits_alan	true	false	false	visible	-	chat_profiles.chat_params.overrides	workers/RAG/direct_chat_service (hot.get|get_chat_param)	hot.get|get_chat_param	OK
limits.alan_reply_interval	Интервал ответа Лехи (сообщений)	Через сколько сообщений Леха отвечает. 10 — примерно каждое десятое.	int	runtime	-	global|chat|direct	global → chat(override)	GET /api/config; GET /api/config/params-meta	POST /api/config (X-Chat-Id); DELETE /api/config/chat/{key} (сброс override)	int	view: role-matrix; edit: local_admin/global_admin	limits	limits_alan	true	false	false	visible	-	chat_profiles.chat_params.overrides	workers/RAG/direct_chat_service (hot.get|get_chat_param)	hot.get|get_chat_param	OK
limits.alan_silence_greeting_hours	Порог тишины Лехи, часов	Сколько тишины в чате, чтобы Леха поприветствовал снова. Больше — реже приветствия.	float	runtime	-	global|chat|direct	global → chat(override)	GET /api/config; GET /api/config/params-meta	POST /api/config (X-Chat-Id); DELETE /api/config/chat/{key} (сброс override)	float	view: role-matrix; edit: local_admin/global_admin	limits	limits_alan	true	false	false	visible	-	chat_profiles.chat_params.overrides	workers/RAG/direct_chat_service (hot.get|get_chat_param)	hot.get|get_chat_param	OK
limits.anticliche_max_patterns	Анти-клише: лимит паттернов	Сколько клише забирать из источника и держать в детекторе (1–1000). По умолчанию 200; больше — полнее фильтр, но дороже проверка.	int	runtime	-	global|chat|direct	global → chat(override)	GET /api/config; GET /api/config/params-meta	POST /api/config (X-Chat-Id); DELETE /api/config/chat/{key} (сброс override)	int	view: role-matrix; edit: local_admin/global_admin	limits	limits_anticliche	true	false	false	visible	-	bot_settings + chat_profiles.chat_params.overrides	ConfigCache / hot.get|get_chat_param	hot.get|get_chat_param	new
limits.archive_memory_retention_days	Срок жизни архивных фактов, дней	Сколько дней живут факты в архиве памяти. Больше — дольше помнит, но растёт база.	int	runtime	-	global|chat|direct	global → chat(override)	GET /api/config; GET /api/config/params-meta	POST /api/config (X-Chat-Id); DELETE /api/config/chat/{key} (сброс override)	int	view: role-matrix; edit: local_admin/global_admin	limits	limits_memory	true	false	false	visible	-	chat_profiles.chat_params.overrides	workers/RAG/direct_chat_service (hot.get|get_chat_param)	hot.get|get_chat_param	OK
limits.belief_archive_threshold	Убеждения: порог архива (вес)	Вес ниже этого порога отправляет убеждение в архив — обычный ответ его больше не видит (0.3).	float	runtime	-	global|chat|direct	global → chat(override)	GET /api/config; GET /api/config/params-meta	POST /api/config (X-Chat-Id); DELETE /api/config/chat/{key} (сброс override)	float	view: role-matrix; edit: local_admin/global_admin	limits	limits_memory	true	false	false	visible	-	chat_profiles.chat_params.overrides	workers/RAG/direct_chat_service (hot.get|get_chat_param)	hot.get|get_chat_param	OK
limits.belief_decay_per_month	Убеждения: потеря веса за месяц	На сколько падает вес убеждения за каждый просроченный месяц без подкрепления (0.1).	float	runtime	-	global|chat|direct	global → chat(override)	GET /api/config; GET /api/config/params-meta	POST /api/config (X-Chat-Id); DELETE /api/config/chat/{key} (сброс override)	float	view: role-matrix; edit: local_admin/global_admin	limits	limits_memory	true	false	false	visible	-	chat_profiles.chat_params.overrides	workers/RAG/direct_chat_service (hot.get|get_chat_param)	hot.get|get_chat_param	OK
limits.belief_inactivity_days	Убеждения: срок без подкрепления, дней	Сколько дней убеждение может жить без новых подтверждающих фактов, прежде чем начнёт терять вес (180 — примерно 6 месяцев).	int	runtime	-	global|chat|direct	global → chat(override)	GET /api/config; GET /api/config/params-meta	POST /api/config (X-Chat-Id); DELETE /api/config/chat/{key} (сброс override)	int	view: role-matrix; edit: local_admin/global_admin	limits	limits_memory	true	false	false	visible	-	chat_profiles.chat_params.overrides	workers/RAG/direct_chat_service (hot.get|get_chat_param)	hot.get|get_chat_param	OK
limits.belief_resonance_penalty	Убеждения: пенальти архива в поиске	Насколько понижается сходство архивного убеждения при векторном поиске, чтобы активные шли впереди (0.3).	float	runtime	-	global|chat|direct	global → chat(override)	GET /api/config; GET /api/config/params-meta	POST /api/config (X-Chat-Id); DELETE /api/config/chat/{key} (сброс override)	float	view: role-matrix; edit: local_admin/global_admin	limits	limits_memory	true	false	false	visible	-	chat_profiles.chat_params.overrides	workers/RAG/direct_chat_service (hot.get|get_chat_param)	hot.get|get_chat_param	OK
limits.belief_resonance_threshold	Убеждения: порог воскрешения (сходство)	Если косинусное сходство диалога с архивным убеждением не ниже порога, убеждение возвращается в активные (0.78).	float	runtime	-	global|chat|direct	global → chat(override)	GET /api/config; GET /api/config/params-meta	POST /api/config (X-Chat-Id); DELETE /api/config/chat/{key} (сброс override)	float	view: role-matrix; edit: local_admin/global_admin	limits	limits_memory	true	false	false	visible	-	chat_profiles.chat_params.overrides	workers/RAG/direct_chat_service (hot.get|get_chat_param)	hot.get|get_chat_param	OK
limits.chat_branch_context_hops	Ходов в итоге ветки <Conversation_Branch>	Сколько последних ходов reply-цепочки показывать над фоном. Больше — полнее, но дороже.	int	runtime	-	global|chat|direct	global → chat(override)	GET /api/config; GET /api/config/params-meta	POST /api/config (X-Chat-Id); DELETE /api/config/chat/{key} (сброс override)	int	view: role-matrix; edit: local_admin/global_admin	limits	limits_chat	true	false	false	visible	-	chat_profiles.chat_params.overrides	workers/RAG/direct_chat_service (hot.get|get_chat_param)	hot.get|get_chat_param	OK
limits.chat_budget_anchors_ratio	Доля бюджета: Anchors	Доля контекста на стилевые якоря. Больше — важнее стиль.	float	runtime	-	global|chat|direct	global → chat(override)	GET /api/config; GET /api/config/params-meta	POST /api/config (X-Chat-Id); DELETE /api/config/chat/{key} (сброс override)	float	view: role-matrix; edit: local_admin/global_admin	limits	limits_chat_budgets	true	false	false	visible	-	chat_profiles.chat_params.overrides	workers/RAG/direct_chat_service (hot.get|get_chat_param)	hot.get|get_chat_param	OK
limits.chat_budget_branch_ratio	Доля бюджета: Branch	Доля контекста на итог ветки. Больше — важнее ветка.	float	runtime	-	global|chat|direct	global → chat(override)	GET /api/config; GET /api/config/params-meta	POST /api/config (X-Chat-Id); DELETE /api/config/chat/{key} (сброс override)	float	view: role-matrix; edit: local_admin/global_admin	limits	limits_chat_budgets	true	false	false	visible	-	chat_profiles.chat_params.overrides	workers/RAG/direct_chat_service (hot.get|get_chat_param)	hot.get|get_chat_param	OK
limits.chat_budget_global_ratio	Доля бюджета: Global	Доля контекста на фон разговора. Больше — важнее фон.	float	runtime	-	global|chat|direct	global → chat(override)	GET /api/config; GET /api/config/params-meta	POST /api/config (X-Chat-Id); DELETE /api/config/chat/{key} (сброс override)	float	view: role-matrix; edit: local_admin/global_admin	limits	limits_chat_budgets	true	false	false	visible	-	chat_profiles.chat_params.overrides	workers/RAG/direct_chat_service (hot.get|get_chat_param)	hot.get|get_chat_param	OK
limits.chat_budget_map_ratio	Доля бюджета: MAP	Доля контекста на карту памяти. Больше — важнее карта.	float	runtime	-	global|chat|direct	global → chat(override)	GET /api/config; GET /api/config/params-meta	POST /api/config (X-Chat-Id); DELETE /api/config/chat/{key} (сброс override)	float	view: role-matrix; edit: local_admin/global_admin	limits	limits_chat_budgets	true	false	false	visible	-	chat_profiles.chat_params.overrides	workers/RAG/direct_chat_service (hot.get|get_chat_param)	hot.get|get_chat_param	OK
limits.chat_budget_rag_ratio	Доля бюджета: память	Доля контекста на факты памяти. Больше — важнее память.	float	runtime	-	global|chat|direct	global → chat(override)	GET /api/config; GET /api/config/params-meta	POST /api/config (X-Chat-Id); DELETE /api/config/chat/{key} (сброс override)	float	view: role-matrix; edit: local_admin/global_admin	limits	limits_rag	true	false	false	visible	-	chat_profiles.chat_params.overrides	workers/RAG/direct_chat_service (hot.get|get_chat_param)	hot.get|get_chat_param	OK
limits.chat_budget_reserve_ratio	Доля бюджета: Reserve	Запасной резерв бюджета. Больше — запас на непредвиденное.	float	runtime	-	global|chat|direct	global → chat(override)	GET /api/config; GET /api/config/params-meta	POST /api/config (X-Chat-Id); DELETE /api/config/chat/{key} (сброс override)	float	view: role-matrix; edit: local_admin/global_admin	limits	limits_chat_budgets	true	false	false	visible	-	chat_profiles.chat_params.overrides	workers/RAG/direct_chat_service (hot.get|get_chat_param)	hot.get|get_chat_param	OK
limits.chat_budget_response_ratio	Доля бюджета: Response	Доля контекста на сам ответ. Больше — место под ответ.	float	runtime	-	global|chat|direct	global → chat(override)	GET /api/config; GET /api/config/params-meta	POST /api/config (X-Chat-Id); DELETE /api/config/chat/{key} (сброс override)	float	view: role-matrix; edit: local_admin/global_admin	limits	limits_chat_budgets	true	false	false	visible	-	chat_profiles.chat_params.overrides	workers/RAG/direct_chat_service (hot.get|get_chat_param)	hot.get|get_chat_param	OK
limits.chat_budget_target_ratio	Доля бюджета: Target	Доля контекста на целевое сообщение. Больше — важнее само сообщение.	float	runtime	-	global|chat|direct	global → chat(override)	GET /api/config; GET /api/config/params-meta	POST /api/config (X-Chat-Id); DELETE /api/config/chat/{key} (сброс override)	float	view: role-matrix; edit: local_admin/global_admin	limits	limits_chat_budgets	true	false	false	visible	-	chat_profiles.chat_params.overrides	workers/RAG/direct_chat_service (hot.get|get_chat_param)	hot.get|get_chat_param	OK
limits.chat_budget_thread_ratio	Доля бюджета: Thread	Доля контекста на ветку. Больше — важнее ветка.	float	runtime	-	global|chat|direct	global → chat(override)	GET /api/config; GET /api/config/params-meta	POST /api/config (X-Chat-Id); DELETE /api/config/chat/{key} (сброс override)	float	view: role-matrix; edit: local_admin/global_admin	limits	limits_chat_budgets	true	false	false	visible	-	chat_profiles.chat_params.overrides	workers/RAG/direct_chat_service (hot.get|get_chat_param)	hot.get|get_chat_param	OK
limits.chat_burst_limit	Обращений подряд до кулдауна	Сколько обращений подряд без перерыва разрешено. Меньше — бот чаще уходит в паузу.	int	runtime	-	global|chat|direct	global → chat(override)	GET /api/config; GET /api/config/params-meta	POST /api/config (X-Chat-Id); DELETE /api/config/chat/{key} (сброс override)	int	view: role-matrix; edit: local_admin/global_admin	limits	limits_chat	true	false	false	visible	-	chat_profiles.chat_params.overrides	workers/RAG/direct_chat_service (hot.get|get_chat_param)	hot.get|get_chat_param	OK
limits.chat_context_budget_tokens	Контекст: общий бюджет, слов (кусочков текста)	Суммарный потолок текста на ответ в прямом чате (все блоки вместе). 0 — не задано (глобальный дефолт); −1 — безлимит (агрегатное усечение не применяется, потолки отдельных блоков действуют). Должен быть не меньше суммы …	int	runtime	-	global|chat|direct	global → chat(override)	GET /api/config; GET /api/config/params-meta	POST /api/config (X-Chat-Id); DELETE /api/config/chat/{key} (сброс override)	int	view: role-matrix; edit: local_admin/global_admin	limits	limits_chat_context	true	false	false	visible	-	chat_profiles.chat_params.overrides	workers/RAG/direct_chat_service (hot.get|get_chat_param)	hot.get|get_chat_param	OK
limits.chat_context_fill_ratio	Порог заполнения окна (доля)	При заполнении доли окна бот начинает сжимать контекст. Меньше — раньше сжимает.	float	runtime	-	global|chat|direct	global → chat(override)	GET /api/config; GET /api/config/params-meta	POST /api/config (X-Chat-Id); DELETE /api/config/chat/{key} (сброс override)	float	view: role-matrix; edit: local_admin/global_admin	limits	limits_chat	true	false	false	visible	-	chat_profiles.chat_params.overrides	workers/RAG/direct_chat_service (hot.get|get_chat_param)	hot.get|get_chat_param	OK
limits.chat_cooldown_seconds	Кулдаун direct_chat, сек	Пауза между ответами в прямом чате. Больше — бот реже отвечает.	float	runtime	-	global|chat|direct	global → chat(override)	GET /api/config; GET /api/config/params-meta	POST /api/config (X-Chat-Id); DELETE /api/config/chat/{key} (сброс override)	float	view: role-matrix; edit: local_admin/global_admin	limits	limits_chat	true	false	false	visible	-	chat_profiles.chat_params.overrides	workers/RAG/direct_chat_service (hot.get|get_chat_param)	hot.get|get_chat_param	OK
limits.chat_current_question_max_chars	Макс. длина текущего вопроса (символов)	Максимальная длина блока текущего вопроса. Больше — длиннее вопросы видит бот, но дороже.	int	runtime	-	global|chat|direct	global → chat(override)	GET /api/config; GET /api/config/params-meta	POST /api/config (X-Chat-Id); DELETE /api/config/chat/{key} (сброс override)	int	view: role-matrix; edit: local_admin/global_admin	limits	limits_chat	true	false	false	visible	-	chat_profiles.chat_params.overrides	workers/RAG/direct_chat_service (hot.get|get_chat_param)	hot.get|get_chat_param	OK
limits.chat_dedup_ttl_seconds	Срок жизни записи о повторе, сек	Как долго помнить одинаковые сообщения подряд. Больше — дольше дедуп.	int	runtime	-	global|chat|direct	global → chat(override)	GET /api/config; GET /api/config/params-meta	POST /api/config (X-Chat-Id); DELETE /api/config/chat/{key} (сброс override)	int	view: role-matrix; edit: local_admin/global_admin	limits	limits_chat	true	false	false	visible	-	chat_profiles.chat_params.overrides	workers/RAG/direct_chat_service (hot.get|get_chat_param)	hot.get|get_chat_param	OK
limits.chat_direct_reply_ttl_days	Срок жизни фактов прямых ответов, дней	Сколько дней помнить, что бот уже отвечал человеку. Пусто = 30 (дефолт), 0 = вечно. Больше — дольше помнит.	int	runtime	-	global|chat|direct	global → chat(override)	GET /api/config; GET /api/config/params-meta	POST /api/config (X-Chat-Id); DELETE /api/config/chat/{key} (сброс override)	int	view: role-matrix; edit: local_admin/global_admin	limits	limits_chat	true	false	false	visible	-	chat_profiles.chat_params.overrides	workers/RAG/direct_chat_service (hot.get|get_chat_param)	hot.get|get_chat_param	OK
limits.chat_global_context_limit	Сообщений фона <Global_Context>	Сколько сообщений бот помнит из фона разговора. Больше — контекстнее, но дороже.	int	runtime	-	global|chat|direct	global → chat(override)	GET /api/config; GET /api/config/params-meta	POST /api/config (X-Chat-Id); DELETE /api/config/chat/{key} (сброс override)	int	view: role-matrix; edit: local_admin/global_admin	limits	limits_chat	true	false	false	visible	-	chat_profiles.chat_params.overrides	workers/RAG/direct_chat_service (hot.get|get_chat_param)	hot.get|get_chat_param	OK
limits.chat_global_context_max_chars	Потолок <Global_Context>, символов	Максимальный размер фона разговора. Больше — точнее, но дороже.	int	runtime	-	global|chat|direct	global → chat(override)	GET /api/config; GET /api/config/params-meta	POST /api/config (X-Chat-Id); DELETE /api/config/chat/{key} (сброс override)	int	view: role-matrix; edit: local_admin/global_admin	limits	limits_chat	true	false	false	visible	-	chat_profiles.chat_params.overrides	workers/RAG/direct_chat_service (hot.get|get_chat_param)	hot.get|get_chat_param	OK
limits.chat_global_context_max_tokens	Контекст: фон разговора, слов (кусочков текста)	Сколько памяти бот видит в одном ответе (фон: свежий хвост + конспект). 0 — не задано (глобальный дефолт); −1 — безлимит (ограничен только потолком безопасности). Больше — помнит шире, но дороже.	int	runtime	-	global|chat|direct	global → chat(override)	GET /api/config; GET /api/config/params-meta	POST /api/config (X-Chat-Id); DELETE /api/config/chat/{key} (сброс override)	int	view: role-matrix; edit: local_admin/global_admin	limits	limits_chat_context	true	false	false	visible	-	chat_profiles.chat_params.overrides	workers/RAG/direct_chat_service (hot.get|get_chat_param)	hot.get|get_chat_param	OK
limits.chat_global_key_budget_requests	Лимит вызовов общего ключа в сутки (чат)	Сколько ответов (вызовов нейросети) на общем ключе доступно этому чату за сутки. 0 — общий ключ чату запрещён; −1 — безлимит. По умолчанию 100; исчерпан — бот честно скажет, что лимит. Своими ключами чат не ограничен — …	int	runtime	-	global|chat|direct	global → chat(override)	GET /api/config; GET /api/config/params-meta	POST /api/config (X-Chat-Id); DELETE /api/config/chat/{key} (сброс override)	int	view: role-matrix; edit: local_admin/global_admin	limits	limits_chat_key	true	false	false	visible	-	chat_profiles.chat_params.overrides	workers/RAG/direct_chat_service (hot.get|get_chat_param)	hot.get|get_chat_param	OK
limits.chat_global_key_budget_tokens	Лимит слов общего ключа в сутки (чат)	Сколько слов (кусочков текста) бот может потратить на ответы этому чату за сутки, пока у чата нет своего ключа. 0 — общий ключ чату запрещён; −1 — безлимит (не считать). Исчерпан — бот ответит заглушкой.	int	runtime	-	global|chat|direct	global → chat(override)	GET /api/config; GET /api/config/params-meta	POST /api/config (X-Chat-Id); DELETE /api/config/chat/{key} (сброс override)	int	view: role-matrix; edit: local_admin/global_admin	limits	limits_chat_key	true	false	false	visible	-	chat_profiles.chat_params.overrides	workers/RAG/direct_chat_service (hot.get|get_chat_param)	hot.get|get_chat_param	OK
limits.chat_level2_max_chars	Макс. длина широкого фона (символов)	Сколько символов широкого фона показывать в Global_Context. Больше — глубже история, но дороже.	int	runtime	-	global|chat|direct	global → chat(override)	GET /api/config; GET /api/config/params-meta	POST /api/config (X-Chat-Id); DELETE /api/config/chat/{key} (сброс override)	int	view: role-matrix; edit: local_admin/global_admin	limits	limits_chat	true	false	false	visible	-	chat_profiles.chat_params.overrides	workers/RAG/direct_chat_service (hot.get|get_chat_param)	hot.get|get_chat_param	OK
limits.chat_level2_min_raw_count	Порог сжатия конспекта в широкий фон (сообщений)	Сколько сообщений покрывал конспект, чтобы он сжимался в широкий уровень. Меньше — уровни строятся раньше.	int	runtime	-	global|chat|direct	global → chat(override)	GET /api/config; GET /api/config/params-meta	POST /api/config (X-Chat-Id); DELETE /api/config/chat/{key} (сброс override)	int	view: role-matrix; edit: local_admin/global_admin	limits	limits_chat	true	false	false	visible	-	chat_profiles.chat_params.overrides	workers/RAG/direct_chat_service (hot.get|get_chat_param)	hot.get|get_chat_param	OK
limits.chat_lock_max_entries	Потолок словаря замков	Технический: сколько чатов держать в памяти замков. Обычно не трогать.	int	runtime	-	global|chat|direct	global → chat(override)	GET /api/config; GET /api/config/params-meta	POST /api/config (X-Chat-Id); DELETE /api/config/chat/{key} (сброс override)	int	view: role-matrix; edit: local_admin/global_admin	limits	limits_chat	true	false	false	visible	-	chat_profiles.chat_params.overrides	workers/RAG/direct_chat_service (hot.get|get_chat_param)	hot.get|get_chat_param	OK
limits.chat_lock_wait_seconds	Таймаут per-chat замка, сек	Сколько ждать, пока чат освободится. Больше — терпеливее, но дольше тишина.	float	runtime	-	global|chat|direct	global → chat(override)	GET /api/config; GET /api/config/params-meta	POST /api/config (X-Chat-Id); DELETE /api/config/chat/{key} (сброс override)	float	view: role-matrix; edit: local_admin/global_admin	limits	limits_chat	true	false	false	visible	-	chat_profiles.chat_params.overrides	workers/RAG/direct_chat_service (hot.get|get_chat_param)	hot.get|get_chat_param	OK
limits.chat_map_participants_cap	Потолок строк карты участников	Сколько участников максимум в карте имён. Больше — полнее, но дороже.	int	runtime	-	global|chat|direct	global → chat(override)	GET /api/config; GET /api/config/params-meta	POST /api/config (X-Chat-Id); DELETE /api/config/chat/{key} (сброс override)	int	view: role-matrix; edit: local_admin/global_admin	limits	limits_chat	true	false	false	visible	-	chat_profiles.chat_params.overrides	workers/RAG/direct_chat_service (hot.get|get_chat_param)	hot.get|get_chat_param	OK
limits.chat_map_participants_hours	Период активных участников карты, часов	За сколько часов сообщений считаются «активные участники» для карты имён. Больше — карта шире, но дороже.	int	runtime	-	global|chat|direct	global → chat(override)	GET /api/config; GET /api/config/params-meta	POST /api/config (X-Chat-Id); DELETE /api/config/chat/{key} (сброс override)	int	view: role-matrix; edit: local_admin/global_admin	limits	limits_chat	true	false	false	visible	-	chat_profiles.chat_params.overrides	workers/RAG/direct_chat_service (hot.get|get_chat_param)	hot.get|get_chat_param	OK
limits.chat_rag_dedup_overlap_ratio	Порог совпадения факта с фоном, доля	Доля слов факта, уже найденных в фоне, после которой факт не повторяется в блоке памяти.	float	runtime	-	global|chat|direct	global → chat(override)	GET /api/config; GET /api/config/params-meta	POST /api/config (X-Chat-Id); DELETE /api/config/chat/{key} (сброс override)	float	view: role-matrix; edit: local_admin/global_admin	limits	limits_rag	true	false	false	visible	-	chat_profiles.chat_params.overrides	workers/RAG/direct_chat_service (hot.get|get_chat_param)	hot.get|get_chat_param	OK
limits.chat_running_summary_tail	Хвост бегущего конспекта	Сколько последних сообщений всегда держать рядом с конспектом. Больше — живее, но дороже.	int	runtime	-	global|chat|direct	global → chat(override)	GET /api/config; GET /api/config/params-meta	POST /api/config (X-Chat-Id); DELETE /api/config/chat/{key} (сброс override)	int	view: role-matrix; edit: local_admin/global_admin	limits	limits_chat	true	false	false	visible	-	chat_profiles.chat_params.overrides	workers/RAG/direct_chat_service (hot.get|get_chat_param)	hot.get|get_chat_param	OK
limits.chat_silence_after_cooldowns	Кулдаунов подряд до молчания	Сколько кулдаунов подряд до «молчания». Меньше — бот быстрее замолкает.	int	runtime	-	global|chat|direct	global → chat(override)	GET /api/config; GET /api/config/params-meta	POST /api/config (X-Chat-Id); DELETE /api/config/chat/{key} (сброс override)	int	view: role-matrix; edit: local_admin/global_admin	limits	limits_chat_behavior	true	false	false	visible	-	chat_profiles.chat_params.overrides	workers/RAG/direct_chat_service (hot.get|get_chat_param)	hot.get|get_chat_param	OK
limits.chat_style_anchor_max_chars	Обрезка якоря, символов	Длина одной фразы-якоря. Больше — полнее, но дороже.	int	runtime	-	global|chat|direct	global → chat(override)	GET /api/config; GET /api/config/params-meta	POST /api/config (X-Chat-Id); DELETE /api/config/chat/{key} (сброс override)	int	view: role-matrix; edit: local_admin/global_admin	limits	limits_chat_behavior	true	false	false	visible	-	chat_profiles.chat_params.overrides	workers/RAG/direct_chat_service (hot.get|get_chat_param)	hot.get|get_chat_param	OK
limits.chat_style_anchors_count	Число стилевых якорей	Сколько фраз помнить для копирования стиля. Больше — точнее, но дороже.	int	runtime	-	global|chat|direct	global → chat(override)	GET /api/config; GET /api/config/params-meta	POST /api/config (X-Chat-Id); DELETE /api/config/chat/{key} (сброс override)	int	view: role-matrix; edit: local_admin/global_admin	limits	limits_chat_behavior	true	false	false	visible	-	chat_profiles.chat_params.overrides	workers/RAG/direct_chat_service (hot.get|get_chat_param)	hot.get|get_chat_param	OK
limits.chat_temperature_balanced	Креативность (Сбалансированный режим)	Насколько свободно отвечает в режиме «сбалансированный». Больше — креативнее.	float	runtime	-	global|chat|direct	global → chat(override)	GET /api/config; GET /api/config/params-meta	POST /api/config (X-Chat-Id); DELETE /api/config/chat/{key} (сброс override)	float	view: role-matrix; edit: local_admin/global_admin	limits	limits_temperature	true	false	false	visible	-	chat_profiles.chat_params.overrides	workers/RAG/direct_chat_service (hot.get|get_chat_param)	hot.get|get_chat_param	OK
limits.chat_temperature_chatty	Креативность (Болтливый режим)	Насколько вольные ответы в режиме «болтливый». Больше — креативнее и непредсказуемее.	float	runtime	-	global|chat|direct	global → chat(override)	GET /api/config; GET /api/config/params-meta	POST /api/config (X-Chat-Id); DELETE /api/config/chat/{key} (сброс override)	float	view: role-matrix; edit: local_admin/global_admin	limits	limits_temperature	true	false	false	visible	-	chat_profiles.chat_params.overrides	workers/RAG/direct_chat_service (hot.get|get_chat_param)	hot.get|get_chat_param	OK
limits.chat_temperature_precise	Креативность (Точный режим)	Насколько строго бот отвечает в режиме «точный». Больше — свободнее, меньше — суше.	float	runtime	-	global|chat|direct	global → chat(override)	GET /api/config; GET /api/config/params-meta	POST /api/config (X-Chat-Id); DELETE /api/config/chat/{key} (сброс override)	float	view: role-matrix; edit: local_admin/global_admin	limits	limits_temperature	true	false	false	visible	-	chat_profiles.chat_params.overrides	workers/RAG/direct_chat_service (hot.get|get_chat_param)	hot.get|get_chat_param	OK
limits.chat_temperature_preset_default	Режим креативности по умолчанию	Какой режим свободы ответов используется по умолчанию. Точный — строже, болтливый — вольнее.	str	runtime	-	global|chat|direct	global → chat(override)	GET /api/config; GET /api/config/params-meta	POST /api/config (X-Chat-Id); DELETE /api/config/chat/{key} (сброс override)	str; one-of[precise|balanced|chatty]	view: role-matrix; edit: local_admin/global_admin	limits	limits_temperature	true	false	false	visible	select	chat_profiles.chat_params.overrides	workers/RAG/direct_chat_service (hot.get|get_chat_param)	hot.get|get_chat_param	OK
limits.chat_thread_max_chars	Потолок <Conversation_Thread>, символов	Максимальный размер ветки. Больше — точнее, но дороже.	int	runtime	-	global|chat|direct	global → chat(override)	GET /api/config; GET /api/config/params-meta	POST /api/config (X-Chat-Id); DELETE /api/config/chat/{key} (сброс override)	int	view: role-matrix; edit: local_admin/global_admin	limits	limits_chat	true	false	false	visible	-	chat_profiles.chat_params.overrides	workers/RAG/direct_chat_service (hot.get|get_chat_param)	hot.get|get_chat_param	OK
limits.chat_thread_max_depth	Глубина <Conversation_Thread>	Сколько последних сообщений видеть в ветке. Больше — контекстнее, но дороже.	int	runtime	-	global|chat|direct	global → chat(override)	GET /api/config; GET /api/config/params-meta	POST /api/config (X-Chat-Id); DELETE /api/config/chat/{key} (сброс override)	int	view: role-matrix; edit: local_admin/global_admin	limits	limits_chat	true	false	false	visible	-	chat_profiles.chat_params.overrides	workers/RAG/direct_chat_service (hot.get|get_chat_param)	hot.get|get_chat_param	OK
limits.chat_thread_max_tokens	Контекст: ветка ответов, слов (кусочков текста)	Размер ветки (reply-цепочки), которую бот видит в ответе. 0 — не задано (глобальный дефолт); −1 — безлимит (в пределах потолка безопасности). Больше — точнее, но дороже.	int	runtime	-	global|chat|direct	global → chat(override)	GET /api/config; GET /api/config/params-meta	POST /api/config (X-Chat-Id); DELETE /api/config/chat/{key} (сброс override)	int	view: role-matrix; edit: local_admin/global_admin	limits	limits_chat_context	true	false	false	visible	-	chat_profiles.chat_params.overrides	workers/RAG/direct_chat_service (hot.get|get_chat_param)	hot.get|get_chat_param	OK
limits.chat_timezone	Часовой пояс чата	Часовой пояс, в котором бот называет текущее время в диалоге. Пусто — берётся пояс саммари. Меняется, если чат живёт в другом поясе.	str	runtime	-	global|chat|direct	global → chat(override)	GET /api/config; GET /api/config/params-meta	POST /api/config (X-Chat-Id); DELETE /api/config/chat/{key} (сброс override)	str; one-of[|Europe/Kaliningrad|Europe/Moscow|Europe/Kyiv|Asia/Yekaterinburg|Asia/Almaty|Asia/Tbilisi|Asia/Novosibirsk|Asia/Krasnoyarsk|Asia/Dubai|Asia/Vladivostok|Europe/Berlin|UTC]	view: role-matrix; edit: local_admin/global_admin	limits	limits_chat_behavior	true	false	false	visible	select	bot_settings + chat_profiles.chat_params.overrides	ConfigCache / hot.get|get_chat_param	hot.get|get_chat_param	new
limits.checkup_cooldown_seconds	Кулдаун чекапа, сек	Пауза между запросами сводки о здоровье. Больше — реже чекап.	float	runtime	-	global|chat|direct	global → chat(override)	GET /api/config; GET /api/config/params-meta	POST /api/config (X-Chat-Id); DELETE /api/config/chat/{key} (сброс override)	float	view: role-matrix; edit: local_admin/global_admin	limits	limits_checkup	true	false	false	visible	-	chat_profiles.chat_params.overrides	workers/RAG/direct_chat_service (hot.get|get_chat_param)	hot.get|get_chat_param	OK
limits.checkup_max_input_symbols	Потолок входа чекапа, символов	Сколько данных максимум берётся для сводки. Больше — полнее, но дороже.	int	runtime	-	global|chat|direct	global → chat(override)	GET /api/config; GET /api/config/params-meta	POST /api/config (X-Chat-Id); DELETE /api/config/chat/{key} (сброс override)	int	view: role-matrix; edit: local_admin/global_admin	limits	limits_checkup	true	false	false	visible	-	chat_profiles.chat_params.overrides	workers/RAG/direct_chat_service (hot.get|get_chat_param)	hot.get|get_chat_param	OK
limits.checkup_max_symbols	Длина ответа чекапа, символов	Максимальная длина сводки о здоровье. Больше — подробнее, но дольше и дороже.	int	runtime	-	global|chat|direct	global → chat(override)	GET /api/config; GET /api/config/params-meta	POST /api/config (X-Chat-Id); DELETE /api/config/chat/{key} (сброс override)	int	view: role-matrix; edit: local_admin/global_admin	limits	limits_checkup	true	false	false	visible	-	chat_profiles.chat_params.overrides	workers/RAG/direct_chat_service (hot.get|get_chat_param)	hot.get|get_chat_param	OK
limits.common_cooldown	Общий кулдаун common-медиа, сек	Общая пауза между любыми медиа-реакциями. Больше — бот спокойнее.	float	runtime	-	global|chat|direct	global → chat(override)	GET /api/config; GET /api/config/params-meta	POST /api/config (X-Chat-Id); DELETE /api/config/chat/{key} (сброс override)	float	view: role-matrix; edit: local_admin/global_admin	limits	limits_media_permsoc	true	false	false	visible	-	chat_profiles.chat_params.overrides	workers/RAG/direct_chat_service (hot.get|get_chat_param)	hot.get|get_chat_param	OK
limits.danger_cooldown	Кулдаун danger-медиа, сек	Пауза между danger-медиа. Больше — реже опасные реакции.	float	runtime	-	global|chat|direct	global → chat(override)	GET /api/config; GET /api/config/params-meta	POST /api/config (X-Chat-Id); DELETE /api/config/chat/{key} (сброс override)	float	view: role-matrix; edit: local_admin/global_admin	limits	limits_media_permsoc	true	false	false	visible	-	chat_profiles.chat_params.overrides	workers/RAG/direct_chat_service (hot.get|get_chat_param)	hot.get|get_chat_param	OK
limits.db_wal_checkpoint_hours	Период сжатия журнала базы, часов	Технический: как часто ужимать журнал БД. Обычно не трогать.	int	runtime	-	global|chat|direct	global → chat(override)	GET /api/config; GET /api/config/params-meta	POST /api/config (X-Chat-Id); DELETE /api/config/chat/{key} (сброс override)	int	view: role-matrix; edit: local_admin/global_admin	limits	limits_service	true	false	false	visible	-	chat_profiles.chat_params.overrides	workers/RAG/direct_chat_service (hot.get|get_chat_param)	hot.get|get_chat_param	OK
limits.dead_page_caption_max_chars	Макс. символов капшна dead page	Максимальная длина подписи под постом. Больше — длиннее подпись.	int	runtime	-	global|chat|direct	global → chat(override)	GET /api/config; GET /api/config/params-meta	POST /api/config (X-Chat-Id); DELETE /api/config/chat/{key} (сброс override)	int	view: role-matrix; edit: local_admin/global_admin	limits	limits_deadpage	true	false	false	visible	-	chat_profiles.chat_params.overrides	workers/RAG/direct_chat_service (hot.get|get_chat_param)	hot.get|get_chat_param	OK
limits.dead_page_cooldown	Кулдаун dead page, сек	Пауза между постами dead page. Больше — бот постит реже.	float	runtime	-	global|chat|direct	global → chat(override)	GET /api/config; GET /api/config/params-meta	POST /api/config (X-Chat-Id); DELETE /api/config/chat/{key} (сброс override)	float	view: role-matrix; edit: local_admin/global_admin	limits	limits_deadpage	true	false	false	visible	-	chat_profiles.chat_params.overrides	workers/RAG/direct_chat_service (hot.get|get_chat_param)	hot.get|get_chat_param	OK
limits.dead_page_max_forward_retries	Ретраи подбора dead page	Сколько раз бот подбирает другой пост, если не нашёл подходящий. Больше — надёжнее.	int	runtime	-	global|chat|direct	global → chat(override)	GET /api/config; GET /api/config/params-meta	POST /api/config (X-Chat-Id); DELETE /api/config/chat/{key} (сброс override)	int	view: role-matrix; edit: local_admin/global_admin	limits	limits_deadpage	true	false	false	visible	-	chat_profiles.chat_params.overrides	workers/RAG/direct_chat_service (hot.get|get_chat_param)	hot.get|get_chat_param	OK
limits.deep_sleep_max_paradigms_per_run	Глубокий сон: парадигм за прогон	Потолок новых мета-фактов (парадигм) за один прогон глубокого сна (3).	int	runtime	-	global|chat|direct	global → chat(override)	GET /api/config; GET /api/config/params-meta	POST /api/config (X-Chat-Id); DELETE /api/config/chat/{key} (сброс override)	int	view: role-matrix; edit: local_admin/global_admin	limits	limits_memory	true	false	false	visible	-	chat_profiles.chat_params.overrides	workers/RAG/direct_chat_service (hot.get|get_chat_param)	hot.get|get_chat_param	OK
limits.deep_sleep_tokens_per_day	Глубокий сон: слов в сутки (денежный)	Суточный запас текста на глубокий сон (40000). Больше — глубже обобщения, больше расход.	int	runtime	-	global|chat|direct	global → chat(override)	GET /api/config; GET /api/config/params-meta	POST /api/config (X-Chat-Id); DELETE /api/config/chat/{key} (сброс override)	int	view: role-matrix; edit: local_admin/global_admin	limits	limits_memory	true	false	false	visible	-	chat_profiles.chat_params.overrides	workers/RAG/direct_chat_service (hot.get|get_chat_param)	hot.get|get_chat_param	OK
limits.deep_sleep_top_k	Глубокий сон: кандидатов из памяти	Сколько найденных памятью фактов глубокий сон берёт на разбор за раз (20; ограничивает стоимость поиска по всей базе).	int	runtime	-	global|chat|direct	global → chat(override)	GET /api/config; GET /api/config/params-meta	POST /api/config (X-Chat-Id); DELETE /api/config/chat/{key} (сброс override)	int	view: role-matrix; edit: local_admin/global_admin	limits	limits_memory	true	false	false	visible	-	chat_profiles.chat_params.overrides	workers/RAG/direct_chat_service (hot.get|get_chat_param)	hot.get|get_chat_param	OK
limits.dig_graph_hop_depth	dig_into_lore: глубина граф-обхода имён	На сколько ходов BFS по рёбрам графа расширять запрос именами людей (2).	int	runtime	-	global|chat|direct	global → chat(override)	GET /api/config; GET /api/config/params-meta	POST /api/config (X-Chat-Id); DELETE /api/config/chat/{key} (сброс override)	int	view: role-matrix; edit: local_admin/global_admin	limits	limits_memory	true	false	false	visible	-	chat_profiles.chat_params.overrides	workers/RAG/direct_chat_service (hot.get|get_chat_param)	hot.get|get_chat_param	OK
limits.dig_max_facts	dig_into_lore: фактов графа	Сколько строк «факт дата: текст» возвращает инструмент (3).	int	runtime	-	global|chat|direct	global → chat(override)	GET /api/config; GET /api/config/params-meta	POST /api/config (X-Chat-Id); DELETE /api/config/chat/{key} (сброс override)	int	view: role-matrix; edit: local_admin/global_admin	limits	limits_memory	true	false	false	visible	-	chat_profiles.chat_params.overrides	workers/RAG/direct_chat_service (hot.get|get_chat_param)	hot.get|get_chat_param	OK
limits.dig_max_snippets	dig_into_lore: сниппетов переписки	Сколько датированных строк переписки возвращает инструмент (8).	int	runtime	-	global|chat|direct	global → chat(override)	GET /api/config; GET /api/config/params-meta	POST /api/config (X-Chat-Id); DELETE /api/config/chat/{key} (сброс override)	int	view: role-matrix; edit: local_admin/global_admin	limits	limits_memory	true	false	false	visible	-	chat_profiles.chat_params.overrides	workers/RAG/direct_chat_service (hot.get|get_chat_param)	hot.get|get_chat_param	OK
limits.dig_max_symbols	dig_into_lore: потолок результата, символов	Обрезка результата копания (3500). Больше — полнее, но дороже.	int	runtime	-	global|chat|direct	global → chat(override)	GET /api/config; GET /api/config/params-meta	POST /api/config (X-Chat-Id); DELETE /api/config/chat/{key} (сброс override)	int	view: role-matrix; edit: local_admin/global_admin	limits	limits_memory	true	false	false	visible	-	chat_profiles.chat_params.overrides	workers/RAG/direct_chat_service (hot.get|get_chat_param)	hot.get|get_chat_param	OK
limits.dig_year_back_window_days	dig_into_lore: окно «N лет назад», дней	Диапазон вокруг даты «N лет назад» в запросе без явного года (2 дня).	int	runtime	-	global|chat|direct	global → chat(override)	GET /api/config; GET /api/config/params-meta	POST /api/config (X-Chat-Id); DELETE /api/config/chat/{key} (сброс override)	int	view: role-matrix; edit: local_admin/global_admin	limits	limits_memory	true	false	false	visible	-	chat_profiles.chat_params.overrides	workers/RAG/direct_chat_service (hot.get|get_chat_param)	hot.get|get_chat_param	OK
limits.download_cooldown	Кулдаун скачивания, сек	Пауза между командами скачивания. Больше — реже можно качать.	float	runtime	-	global|chat|direct	global → chat(override)	GET /api/config; GET /api/config/params-meta	POST /api/config (X-Chat-Id); DELETE /api/config/chat/{key} (сброс override)	float	view: role-matrix; edit: local_admin/global_admin	limits	limits_media_download	true	false	false	visible	-	chat_profiles.chat_params.overrides	workers/RAG/direct_chat_service (hot.get|get_chat_param)	hot.get|get_chat_param	OK
limits.embed_cache_max_rows	Потолок строк кэша эмбеддингов	Сколько «отпечатков» максимум хранить. Больше — больше попаданий, но тяжелее.	int	runtime	-	global|chat|direct	global → chat(override)	GET /api/config; GET /api/config/params-meta	POST /api/config (X-Chat-Id); DELETE /api/config/chat/{key} (сброс override)	int	view: role-matrix; edit: local_admin/global_admin	limits	limits_memory	true	false	false	visible	-	chat_profiles.chat_params.overrides	workers/RAG/direct_chat_service (hot.get|get_chat_param)	hot.get|get_chat_param	OK
limits.embed_cache_ttl_days	Срок жизни кэша отпечатков, дней	Сколько хранить «отпечатки» текстов. Больше — быстрее поиск, но тяжелее.	int	runtime	-	global|chat|direct	global → chat(override)	GET /api/config; GET /api/config/params-meta	POST /api/config (X-Chat-Id); DELETE /api/config/chat/{key} (сброс override)	int	view: role-matrix; edit: local_admin/global_admin	limits	limits_memory	true	false	false	visible	-	chat_profiles.chat_params.overrides	workers/RAG/direct_chat_service (hot.get|get_chat_param)	hot.get|get_chat_param	OK
limits.factcheck_context_after	Контекст фактчека: сообщений после тейка	Сколько сообщений ПОСЛЕ проверяемого сообщения видит фактчек (реакции, уточнения). Больше — шире контекст, но дороже.	int	runtime	-	global|chat|direct	global → chat(override)	GET /api/config; GET /api/config/params-meta	POST /api/config (X-Chat-Id); DELETE /api/config/chat/{key} (сброс override)	int	view: role-matrix; edit: local_admin/global_admin	limits	limits_factcheck	true	false	false	visible	-	bot_settings + chat_profiles.chat_params.overrides	ConfigCache / hot.get|get_chat_param	hot.get|get_chat_param	new
limits.factcheck_context_before	Контекст фактчека: сообщений до тейка	Сколько сообщений ДО проверяемого сообщения видит фактчек. Больше — шире контекст, но дороже.	int	runtime	-	global|chat|direct	global → chat(override)	GET /api/config; GET /api/config/params-meta	POST /api/config (X-Chat-Id); DELETE /api/config/chat/{key} (сброс override)	int	view: role-matrix; edit: local_admin/global_admin	limits	limits_factcheck	true	false	false	visible	-	bot_settings + chat_profiles.chat_params.overrides	ConfigCache / hot.get|get_chat_param	hot.get|get_chat_param	new
limits.factcheck_context_messages	Окно контекста фактчека (сообщений)	Сколько сообщений берётся для проверки факта. Больше — точнее, но дороже.	int	runtime	-	global|chat|direct	global → chat(override)	нет API (hidden)	нет API (hidden)	int	UI: скрыт; реестр/права: сохранён	limits	limits_factcheck	true	false	true	hidden	-	chat_profiles.chat_params.overrides	workers/RAG/direct_chat_service (hot.get|get_chat_param)	hot.get|get_chat_param	OK
limits.factcheck_cooldown_seconds	Кулдаун фактчека, сек	Пауза между проверками фактов. Больше — бот реже проверяет.	float	runtime	-	global|chat|direct	global → chat(override)	GET /api/config; GET /api/config/params-meta	POST /api/config (X-Chat-Id); DELETE /api/config/chat/{key} (сброс override)	float	view: role-matrix; edit: local_admin/global_admin	limits	limits_factcheck	true	false	false	visible	-	chat_profiles.chat_params.overrides	workers/RAG/direct_chat_service (hot.get|get_chat_param)	hot.get|get_chat_param	OK
limits.factcheck_max_symbols	Длина ответа фактчека, символов	Максимальная длина проверки фактов. Больше — подробнее, но дольше и дороже.	int	runtime	-	global|chat|direct	global → chat(override)	GET /api/config; GET /api/config/params-meta	POST /api/config (X-Chat-Id); DELETE /api/config/chat/{key} (сброс override)	int	view: role-matrix; edit: local_admin/global_admin	limits	limits_factcheck	true	false	false	visible	-	chat_profiles.chat_params.overrides	workers/RAG/direct_chat_service (hot.get|get_chat_param)	hot.get|get_chat_param	OK
limits.full_memory_retention_days	Хранение сырых сообщений, дней	Сколько дней хранить исходные сообщения. Больше — память полнее, но тяжелее.	int	runtime	-	global|chat|direct	global → chat(override)	GET /api/config; GET /api/config/params-meta	POST /api/config (X-Chat-Id); DELETE /api/config/chat/{key} (сброс override)	int	view: role-matrix; edit: local_admin/global_admin	limits	limits_memory	true	false	false	visible	-	chat_profiles.chat_params.overrides	workers/RAG/direct_chat_service (hot.get|get_chat_param)	hot.get|get_chat_param	OK
limits.gif_interval	Интервал гифки (сообщений)	Через сколько сообщений бот кидает гифку. Меньше — чаще гифки.	int	runtime	-	global|chat|direct	global → chat(override)	GET /api/config; GET /api/config/params-meta	POST /api/config (X-Chat-Id); DELETE /api/config/chat/{key} (сброс override)	int	view: role-matrix; edit: local_admin/global_admin	limits	limits_media_permsoc	true	false	false	visible	-	chat_profiles.chat_params.overrides	workers/RAG/direct_chat_service (hot.get|get_chat_param)	hot.get|get_chat_param	OK
limits.graph_compression_log_retention_days	Ретенция лога сжатий, дней	Сколько хранить историю сжатий памяти. Больше — дольше диагностика.	int	runtime	-	global|chat|direct	global → chat(override)	GET /api/config; GET /api/config/params-meta	POST /api/config (X-Chat-Id); DELETE /api/config/chat/{key} (сброс override)	int	view: role-matrix; edit: local_admin/global_admin	limits	limits_graph	true	false	false	visible	-	chat_profiles.chat_params.overrides	workers/RAG/direct_chat_service (hot.get|get_chat_param)	hot.get|get_chat_param	OK
limits.graph_dedup_similarity_high	Порог дедупа HIGH	Выше порога — факты считаются дублями. Больше — реже дубли, но грязнее память.	float	runtime	-	global|chat|direct	global → chat(override)	GET /api/config; GET /api/config/params-meta	POST /api/config (X-Chat-Id); DELETE /api/config/chat/{key} (сброс override)	float	view: role-matrix; edit: local_admin/global_admin	limits	limits_graph	true	false	false	visible	-	chat_profiles.chat_params.overrides	workers/RAG/direct_chat_service (hot.get|get_chat_param)	hot.get|get_chat_param	OK
limits.graph_dedup_similarity_low	Порог дедупа LOW	Нижний порог похожести. Больше — реже считаются дублями, но память грязнее; меньше — чаще объединяются похожие факты.	float	runtime	-	global|chat|direct	global → chat(override)	GET /api/config; GET /api/config/params-meta	POST /api/config (X-Chat-Id); DELETE /api/config/chat/{key} (сброс override)	float	view: role-matrix; edit: local_admin/global_admin	limits	limits_graph	true	false	false	visible	-	chat_profiles.chat_params.overrides	workers/RAG/direct_chat_service (hot.get|get_chat_param)	hot.get|get_chat_param	OK
limits.graph_dedup_weight_bonus	Бонус веса при подтверждении	Насколько растёт факт, когда его повторили. Больше — важнее повторения.	float	runtime	-	global|chat|direct	global → chat(override)	GET /api/config; GET /api/config/params-meta	POST /api/config (X-Chat-Id); DELETE /api/config/chat/{key} (сброс override)	float	view: role-matrix; edit: local_admin/global_admin	limits	limits_graph	true	false	false	visible	-	chat_profiles.chat_params.overrides	workers/RAG/direct_chat_service (hot.get|get_chat_param)	hot.get|get_chat_param	OK
limits.graph_edge_weight_increment	Инкремент веса ребра графа	Насколько растёт связь между людьми и темами при упоминании. Больше — быстрее запоминает связи.	int	runtime	-	global|chat|direct	global → chat(override)	GET /api/config; GET /api/config/params-meta	POST /api/config (X-Chat-Id); DELETE /api/config/chat/{key} (сброс override)	int	view: role-matrix; edit: local_admin/global_admin	limits	limits_graph	true	false	false	visible	-	chat_profiles.chat_params.overrides	workers/RAG/direct_chat_service (hot.get|get_chat_param)	hot.get|get_chat_param	OK
limits.graph_episode_merge_batch	Пачка кластеров за прогон	Сколько кластеров сливать за раз. Больше — быстрее, но тяжелее прогон.	int	runtime	-	global|chat|direct	global → chat(override)	GET /api/config; GET /api/config/params-meta	POST /api/config (X-Chat-Id); DELETE /api/config/chat/{key} (сброс override)	int	view: role-matrix; edit: local_admin/global_admin	limits	limits_graph	true	false	false	visible	-	chat_profiles.chat_params.overrides	workers/RAG/direct_chat_service (hot.get|get_chat_param)	hot.get|get_chat_param	OK
limits.graph_episode_merge_interval_days	Интервал слияния эпизодов, дней	Как часто сливать похожие эпизоды памяти. Меньше — чаще чистка.	int	runtime	-	global|chat|direct	global → chat(override)	GET /api/config; GET /api/config/params-meta	POST /api/config (X-Chat-Id); DELETE /api/config/chat/{key} (сброс override)	int	view: role-matrix; edit: local_admin/global_admin	limits	limits_graph	true	false	false	visible	-	chat_profiles.chat_params.overrides	workers/RAG/direct_chat_service (hot.get|get_chat_param)	hot.get|get_chat_param	OK
limits.graph_episode_merge_max_facts_per_cluster	Потолок фактов в кластере	Сколько фактов максимум в слитом эпизоде. Больше — полнее, но грубее.	int	runtime	-	global|chat|direct	global → chat(override)	GET /api/config; GET /api/config/params-meta	POST /api/config (X-Chat-Id); DELETE /api/config/chat/{key} (сброс override)	int	view: role-matrix; edit: local_admin/global_admin	limits	limits_graph	true	false	false	visible	-	chat_profiles.chat_params.overrides	workers/RAG/direct_chat_service (hot.get|get_chat_param)	hot.get|get_chat_param	OK
limits.graph_extract_max_triplets	Макс. триплетов за extraction	Сколько фактов вытаскивать за один проход. Больше — полнее, но дороже.	int	runtime	-	global|chat|direct	global → chat(override)	GET /api/config; GET /api/config/params-meta	POST /api/config (X-Chat-Id); DELETE /api/config/chat/{key} (сброс override)	int	view: role-matrix; edit: local_admin/global_admin	limits	limits_graph	true	false	false	visible	-	chat_profiles.chat_params.overrides	workers/RAG/direct_chat_service (hot.get|get_chat_param)	hot.get|get_chat_param	OK
limits.graph_fact_touch_extend_days	На сколько продлевать факт при упоминании, дней	На сколько продлевается факт при упоминании. Больше — дольше живут важные факты.	int	runtime	-	global|chat|direct	global → chat(override)	GET /api/config; GET /api/config/params-meta	POST /api/config (X-Chat-Id); DELETE /api/config/chat/{key} (сброс override)	int	view: role-matrix; edit: local_admin/global_admin	limits	limits_graph	true	false	false	visible	-	chat_profiles.chat_params.overrides	workers/RAG/direct_chat_service (hot.get|get_chat_param)	hot.get|get_chat_param	OK
limits.graph_fact_ttl_days	Срок жизни фактов, дней	Срок жизни факта без упоминаний. Больше — дольше помнит.	int	runtime	-	global|chat|direct	global → chat(override)	GET /api/config; GET /api/config/params-meta	POST /api/config (X-Chat-Id); DELETE /api/config/chat/{key} (сброс override)	int	view: role-matrix; edit: local_admin/global_admin	limits	limits_graph	true	false	false	visible	-	chat_profiles.chat_params.overrides	workers/RAG/direct_chat_service (hot.get|get_chat_param)	hot.get|get_chat_param	OK
limits.graph_fact_weight_archive	Стартовый вес архивных фактов	Сколько весит факт из архива. Больше — важнее архивные факты.	float	runtime	-	global|chat|direct	global → chat(override)	GET /api/config; GET /api/config/params-meta	POST /api/config (X-Chat-Id); DELETE /api/config/chat/{key} (сброс override)	float	view: role-matrix; edit: local_admin/global_admin	limits	limits_graph	true	false	false	visible	-	chat_profiles.chat_params.overrides	workers/RAG/direct_chat_service (hot.get|get_chat_param)	hot.get|get_chat_param	OK
limits.graph_fact_weight_bot	Стартовый вес слов бота о себе	Сколько весит собственное высказывание бота. Ниже пользовательского — бот легко передумает, если человек поправит.	float	runtime	-	global|chat|direct	global → chat(override)	GET /api/config; GET /api/config/params-meta	POST /api/config (X-Chat-Id); DELETE /api/config/chat/{key} (сброс override)	float	view: role-matrix; edit: local_admin/global_admin	limits	limits_graph	true	false	false	visible	-	chat_profiles.chat_params.overrides	workers/RAG/direct_chat_service (hot.get|get_chat_param)	hot.get|get_chat_param	OK
limits.graph_fact_weight_direct	Стартовый вес прямых фактов	Сколько весит факт, сказанный напрямую. Больше — важнее прямые слова.	float	runtime	-	global|chat|direct	global → chat(override)	GET /api/config; GET /api/config/params-meta	POST /api/config (X-Chat-Id); DELETE /api/config/chat/{key} (сброс override)	float	view: role-matrix; edit: local_admin/global_admin	limits	limits_graph	true	false	false	visible	-	chat_profiles.chat_params.overrides	workers/RAG/direct_chat_service (hot.get|get_chat_param)	hot.get|get_chat_param	OK
limits.graph_facts_per_user_quota	Квота фактов на человека	Сколько фактов максимум помнить на человека. Больше — полнее память, но тяжелее.	int	runtime	-	global|chat|direct	global → chat(override)	GET /api/config; GET /api/config/params-meta	POST /api/config (X-Chat-Id); DELETE /api/config/chat/{key} (сброс override)	int	view: role-matrix; edit: local_admin/global_admin	limits	limits_graph	true	false	false	visible	-	chat_profiles.chat_params.overrides	workers/RAG/direct_chat_service (hot.get|get_chat_param)	hot.get|get_chat_param	OK
limits.graph_memorize_batch_retry_backoff	Пауза между повторами пакета, сек	Пауза перед повтором сохранения фактов. Больше — спокойнее при сбоях.	float	runtime	-	global|chat|direct	global → chat(override)	GET /api/config; GET /api/config/params-meta	POST /api/config (X-Chat-Id); DELETE /api/config/chat/{key} (сброс override)	float	view: role-matrix; edit: local_admin/global_admin	limits	limits_graph	true	false	false	visible	-	chat_profiles.chat_params.overrides	workers/RAG/direct_chat_service (hot.get|get_chat_param)	hot.get|get_chat_param	OK
limits.graph_memorize_max_batch_retries	Ретраи memorize-батча	Сколько раз повторить сохранение фактов при сбое. Больше — надёжнее.	int	runtime	-	global|chat|direct	global → chat(override)	GET /api/config; GET /api/config/params-meta	POST /api/config (X-Chat-Id); DELETE /api/config/chat/{key} (сброс override)	int	view: role-matrix; edit: local_admin/global_admin	limits	limits_graph	true	false	false	visible	-	chat_profiles.chat_params.overrides	workers/RAG/direct_chat_service (hot.get|get_chat_param)	hot.get|get_chat_param	OK
limits.graph_mmr_fetch_k	Сколько кандидатов смотреть при отборе	Сколько фактов сначала берётся для разнообразия. Больше — качественнее, но дороже.	int	runtime	-	global|chat|direct	global → chat(override)	GET /api/config; GET /api/config/params-meta	POST /api/config (X-Chat-Id); DELETE /api/config/chat/{key} (сброс override)	int	view: role-matrix; edit: local_admin/global_admin	limits	limits_graph	true	false	false	visible	-	chat_profiles.chat_params.overrides	workers/RAG/direct_chat_service (hot.get|get_chat_param)	hot.get|get_chat_param	OK
limits.graph_mmr_lambda	Разнообразие при отборе, λ (0..1)	Насколько разнообразными брать факты. 0 — только похожие, 1 — максимум разнообразия.	float	runtime	-	global|chat|direct	global → chat(override)	GET /api/config; GET /api/config/params-meta	POST /api/config (X-Chat-Id); DELETE /api/config/chat/{key} (сброс override)	float	view: role-matrix; edit: local_admin/global_admin	limits	limits_graph	true	false	false	visible	-	chat_profiles.chat_params.overrides	workers/RAG/direct_chat_service (hot.get|get_chat_param)	hot.get|get_chat_param	OK
limits.graph_purge_protect_days	Свежесть подтверждения для защиты от purge, дней	Факт, подтверждённый повторением недавно, не удаляется при чистке.	int	runtime	-	global|chat|direct	global → chat(override)	GET /api/config; GET /api/config/params-meta	POST /api/config (X-Chat-Id); DELETE /api/config/chat/{key} (сброс override)	int	view: role-matrix; edit: local_admin/global_admin	limits	limits_graph	true	false	false	visible	-	chat_profiles.chat_params.overrides	workers/RAG/direct_chat_service (hot.get|get_chat_param)	hot.get|get_chat_param	OK
limits.graph_purge_protect_weight	Вес-гейт защиты от purge	Факты весом не ниже порога не удаляются при чистке. Больше — чистка агрессивнее.	float	runtime	-	global|chat|direct	global → chat(override)	GET /api/config; GET /api/config/params-meta	POST /api/config (X-Chat-Id); DELETE /api/config/chat/{key} (сброс override)	float	view: role-matrix; edit: local_admin/global_admin	limits	limits_graph	true	false	false	visible	-	chat_profiles.chat_params.overrides	workers/RAG/direct_chat_service (hot.get|get_chat_param)	hot.get|get_chat_param	OK
limits.graph_rag_context_max_chars	Потолок контекста памяти, символов	Максимальный размер фактов, отдаваемых нейросети. Больше — точнее, дороже.	int	runtime	-	global|chat|direct	global → chat(override)	GET /api/config; GET /api/config/params-meta	POST /api/config (X-Chat-Id); DELETE /api/config/chat/{key} (сброс override)	int	view: role-matrix; edit: local_admin/global_admin	limits	limits_graph	true	false	false	visible	-	chat_profiles.chat_params.overrides	workers/RAG/direct_chat_service (hot.get|get_chat_param)	hot.get|get_chat_param	OK
limits.graph_rag_facts_limit	Сколько фактов памяти брать	Сколько фактов берётся для ответа по памяти. Больше — контекстнее, дороже.	int	runtime	-	global|chat|direct	global → chat(override)	GET /api/config; GET /api/config/params-meta	POST /api/config (X-Chat-Id); DELETE /api/config/chat/{key} (сброс override)	int	view: role-matrix; edit: local_admin/global_admin	limits	limits_graph	true	false	false	visible	-	chat_profiles.chat_params.overrides	workers/RAG/direct_chat_service (hot.get|get_chat_param)	hot.get|get_chat_param	OK
limits.graph_review_interval_days	Интервал пересмотра, дней	Как часто бот пересматривает память. Меньше — чаще чистка.	int	runtime	-	global|chat|direct	global → chat(override)	GET /api/config; GET /api/config/params-meta	POST /api/config (X-Chat-Id); DELETE /api/config/chat/{key} (сброс override)	int	view: role-matrix; edit: local_admin/global_admin	limits	limits_graph	true	false	false	visible	-	chat_profiles.chat_params.overrides	workers/RAG/direct_chat_service (hot.get|get_chat_param)	hot.get|get_chat_param	OK
limits.graph_time_decay_floor	Пол time-decay	Минимальный вес, ниже которого факт не падает. Больше — старые факты важнее.	float	runtime	-	global|chat|direct	global → chat(override)	GET /api/config; GET /api/config/params-meta	POST /api/config (X-Chat-Id); DELETE /api/config/chat/{key} (сброс override)	float	view: role-matrix; edit: local_admin/global_admin	limits	limits_graph	true	false	false	visible	-	chat_profiles.chat_params.overrides	workers/RAG/direct_chat_service (hot.get|get_chat_param)	hot.get|get_chat_param	OK
limits.graph_time_decay_half_life_days	Half-life time-decay, дней	Через сколько дней факт вдвое теряет вес. Меньше — быстрее забывает.	float	runtime	-	global|chat|direct	global → chat(override)	GET /api/config; GET /api/config/params-meta	POST /api/config (X-Chat-Id); DELETE /api/config/chat/{key} (сброс override)	float	view: role-matrix; edit: local_admin/global_admin	limits	limits_graph	true	false	false	visible	-	chat_profiles.chat_params.overrides	workers/RAG/direct_chat_service (hot.get|get_chat_param)	hot.get|get_chat_param	OK
limits.graph_top_edges_limit	Связей-рёбер в саммари	Сколько связей показывать в пересказе. Больше — подробнее, но длиннее.	int	runtime	-	global|chat|direct	global → chat(override)	GET /api/config; GET /api/config/params-meta	POST /api/config (X-Chat-Id); DELETE /api/config/chat/{key} (сброс override)	int	view: role-matrix; edit: local_admin/global_admin	limits	limits_graph	true	false	false	visible	-	chat_profiles.chat_params.overrides	workers/RAG/direct_chat_service (hot.get|get_chat_param)	hot.get|get_chat_param	OK
limits.graph_unconfirmed_retention_days	Ретенция unconfirmed, дней	Сколько жить неподтверждённым фактам. Больше — дольше шанс подтвердиться.	int	runtime	-	global|chat|direct	global → chat(override)	GET /api/config; GET /api/config/params-meta	POST /api/config (X-Chat-Id); DELETE /api/config/chat/{key} (сброс override)	int	view: role-matrix; edit: local_admin/global_admin	limits	limits_graph	true	false	false	visible	-	chat_profiles.chat_params.overrides	workers/RAG/direct_chat_service (hot.get|get_chat_param)	hot.get|get_chat_param	OK
limits.import_history_retention_days	Хранение импорта (дней)	Сколько дней хранить импортированную историю переписки (сырьё для поиска по памяти). 0 — вечно: удаление импорта КАТЕГОРИЧЕСКИ запрещено (значение `0` из данных сида целевого чата). Больше 0 — хранить N дней; перед удал…	int	runtime	-	global|chat|direct	global → chat(override)	GET /api/config; GET /api/config/params-meta	POST /api/config (X-Chat-Id); DELETE /api/config/chat/{key} (сброс override)	int	view: role-matrix; edit: local_admin/global_admin	limits	limits_memory	true	false	false	visible	-	bot_settings + chat_profiles.chat_params.overrides	ConfigCache / hot.get|get_chat_param	hot.get|get_chat_param	new
limits.info_cooldown_seconds	Кулдаун /info, сек	Пауза между запросами справки. Больше — реже отдаётся справка.	float	runtime	-	global|chat|direct	global → chat(override)	GET /api/config; GET /api/config/params-meta	POST /api/config (X-Chat-Id); DELETE /api/config/chat/{key} (сброс override)	float	view: role-matrix; edit: local_admin/global_admin	limits	limits_service	true	false	false	visible	-	chat_profiles.chat_params.overrides	workers/RAG/direct_chat_service (hot.get|get_chat_param)	hot.get|get_chat_param	OK
limits.kostik_reply_probability	Вероятность ответа Костика	Шанс, что Костик ответит на сообщение. 0 — никогда, 1 — на каждое.	float	runtime	-	global|chat|direct	global → chat(override)	GET /api/config; GET /api/config/params-meta	POST /api/config (X-Chat-Id); DELETE /api/config/chat/{key} (сброс override)	float	view: role-matrix; edit: local_admin/global_admin	limits	limits_kostik	true	false	false	visible	-	chat_profiles.chat_params.overrides	workers/RAG/direct_chat_service (hot.get|get_chat_param)	hot.get|get_chat_param	OK
limits.lore_generate_cooldown	Лор чатов: пауза между прогонами	Минимальная пауза между генерациями одного чата, секунд (ручная генерация игнорирует).	int	runtime	-	global|chat|direct	global → chat(override)	GET /api/config; GET /api/config/params-meta	POST /api/config (X-Chat-Id); DELETE /api/config/chat/{key} (сброс override)	int	view: role-matrix; edit: local_admin/global_admin	limits	limits_lore	true	false	false	visible	-	chat_profiles.chat_params.overrides	workers/RAG/direct_chat_service (hot.get|get_chat_param)	hot.get|get_chat_param	OK
limits.lore_inject_max_chars	Лор чатов: cap инжекта	Потолок символов блока лора в контексте ответа. Урезается авто-лор первым.	int	runtime	-	global|chat|direct	global → chat(override)	GET /api/config; GET /api/config/params-meta	POST /api/config (X-Chat-Id); DELETE /api/config/chat/{key} (сброс override)	int	view: role-matrix; edit: local_admin/global_admin	limits	limits_lore	true	false	false	visible	-	chat_profiles.chat_params.overrides	workers/RAG/direct_chat_service (hot.get|get_chat_param)	hot.get|get_chat_param	OK
limits.lore_max_words	Лор чатов: бюджет в словах	Максимум слов авто-лора (подставляется в промпт при генерации).	int	runtime	-	global|chat|direct	global → chat(override)	GET /api/config; GET /api/config/params-meta	POST /api/config (X-Chat-Id); DELETE /api/config/chat/{key} (сброс override)	int	view: role-matrix; edit: local_admin/global_admin	limits	limits_lore	true	false	false	visible	-	chat_profiles.chat_params.overrides	workers/RAG/direct_chat_service (hot.get|get_chat_param)	hot.get|get_chat_param	OK
limits.lore_min_message_chars	Лор чатов: мин. длина сообщения	Минимальная длина текста, чтобы сообщение считалось «осмысленным» для авто-лора (команды и медиа-плейсхолдеры отсекаются).	int	runtime	-	global|chat|direct	global → chat(override)	GET /api/config; GET /api/config/params-meta	POST /api/config (X-Chat-Id); DELETE /api/config/chat/{key} (сброс override)	int	view: role-matrix; edit: local_admin/global_admin	limits	limits_lore	true	false	false	visible	-	chat_profiles.chat_params.overrides	workers/RAG/direct_chat_service (hot.get|get_chat_param)	hot.get|get_chat_param	OK
limits.lore_min_messages	Лор чатов: порог сообщений в окне	Сколько «осмысленных» сообщений нужно в окне, чтобы авто-прогон состоялся. Больше — реже генерации.	int	runtime	-	global|chat|direct	global → chat(override)	GET /api/config; GET /api/config/params-meta	POST /api/config (X-Chat-Id); DELETE /api/config/chat/{key} (сброс override)	int	view: role-matrix; edit: local_admin/global_admin	limits	limits_lore	true	false	false	visible	-	chat_profiles.chat_params.overrides	workers/RAG/direct_chat_service (hot.get|get_chat_param)	hot.get|get_chat_param	OK
limits.lore_tick_minutes	Лор чатов: период тик-цикла	Как часто фоновый воркер проверяет чаты на необходимость генерации, минут.	int	runtime	-	global|chat|direct	global → chat(override)	GET /api/config; GET /api/config/params-meta	POST /api/config (X-Chat-Id); DELETE /api/config/chat/{key} (сброс override)	int	view: role-matrix; edit: local_admin/global_admin	limits	limits_lore	true	false	false	visible	-	chat_profiles.chat_params.overrides	workers/RAG/direct_chat_service (hot.get|get_chat_param)	hot.get|get_chat_param	OK
limits.lore_window_max_chars	Лор чатов: потолок символов окна	Потолок текста окна сообщений для нейросети. Больше — полнее, но дороже.	int	runtime	-	global|chat|direct	global → chat(override)	GET /api/config; GET /api/config/params-meta	POST /api/config (X-Chat-Id); DELETE /api/config/chat/{key} (сброс override)	int	view: role-matrix; edit: local_admin/global_admin	limits	limits_lore	true	false	false	visible	-	chat_profiles.chat_params.overrides	workers/RAG/direct_chat_service (hot.get|get_chat_param)	hot.get|get_chat_param	OK
limits.lore_window_max_messages	Лор чатов: потолок строк окна	Сколько сообщений максимум берётся в окно для генерации. Больше — полнее, но дороже.	int	runtime	-	global|chat|direct	global → chat(override)	GET /api/config; GET /api/config/params-meta	POST /api/config (X-Chat-Id); DELETE /api/config/chat/{key} (сброс override)	int	view: role-matrix; edit: local_admin/global_admin	limits	limits_lore	true	false	false	visible	-	chat_profiles.chat_params.overrides	workers/RAG/direct_chat_service (hot.get|get_chat_param)	hot.get|get_chat_param	OK
limits.max_summary_parts	Макс. частей ответа саммари	На сколько частей может разбиться пересказ длинного разговора. Больше — длиннее ответ.	int	runtime	-	global|chat|direct	global → chat(override)	GET /api/config; GET /api/config/params-meta	POST /api/config (X-Chat-Id); DELETE /api/config/chat/{key} (сброс override)	int	view: role-matrix; edit: local_admin/global_admin	limits	limits_summary	true	false	false	visible	-	chat_profiles.chat_params.overrides	workers/RAG/direct_chat_service (hot.get|get_chat_param)	hot.get|get_chat_param	OK
limits.media_share_max_mb	Потолок публикации видео, МБ	Файл больше не публикуется — пересказ уходит на расшифровку. Больше — тяжелее «смотрение» видео.	int	runtime	-	global|chat|direct	global → chat(override)	GET /api/config; GET /api/config/params-meta	POST /api/config (X-Chat-Id); DELETE /api/config/chat/{key} (сброс override)	int	view: role-matrix; edit: local_admin/global_admin	limits	limits_video_summary	true	false	false	visible	-	chat_profiles.chat_params.overrides	workers/RAG/direct_chat_service (hot.get|get_chat_param)	hot.get|get_chat_param	OK
limits.media_share_ttl_seconds	Срок жизни опубликованного видео, сек	Сколько секунд OpenRouter может «посмотреть» ролик по временной ссылке. Меньше 60 игнорируется (900).	int	runtime	-	global|chat|direct	global → chat(override)	GET /api/config; GET /api/config/params-meta	POST /api/config (X-Chat-Id); DELETE /api/config/chat/{key} (сброс override)	int	view: role-matrix; edit: local_admin/global_admin	limits	limits_video_summary	true	false	false	visible	-	chat_profiles.chat_params.overrides	workers/RAG/direct_chat_service (hot.get|get_chat_param)	hot.get|get_chat_param	OK
limits.memory_backup_hour	Час бэкапа (HH:MM)	Во сколько создавать бэкап памяти. Лучше ночь — меньше нагрузка.	str	runtime	-	global|chat|direct	global → chat(override)	GET /api/config; GET /api/config/params-meta	POST /api/config (X-Chat-Id); DELETE /api/config/chat/{key} (сброс override)	str	view: role-matrix; edit: local_admin/global_admin	limits	limits_memory	true	false	false	visible	-	chat_profiles.chat_params.overrides	workers/RAG/direct_chat_service (hot.get|get_chat_param)	hot.get|get_chat_param	OK
limits.memory_backup_keep	Ротация бэкапов (файлов)	НЕ действует: по политике владельца (UPD3 №5) хранится ровно 1 бэкап БД. Значение игнорируется (см. services/disk_retention.py).	int	runtime	-	global|chat|direct	global → chat(override)	GET /api/config; GET /api/config/params-meta	POST /api/config (X-Chat-Id); DELETE /api/config/chat/{key} (сброс override)	int	view: role-matrix; edit: local_admin/global_admin	limits	limits_memory	true	false	false	visible	-	chat_profiles.chat_params.overrides	workers/RAG/direct_chat_service (hot.get|get_chat_param)	hot.get|get_chat_param	OK
limits.memory_commands_remember_ttl_days	Срок «запомни» для участников, дней (0 = вечно)	Через сколько дней забывается факт из «запомни» (origin user_memory). Пусто/0 — хранить вечно.	int	runtime	-	global|chat|direct	global → chat(override)	GET /api/config; GET /api/config/params-meta	POST /api/config (X-Chat-Id); DELETE /api/config/chat/{key} (сброс override)	int	view: role-matrix; edit: local_admin/global_admin	limits	limits_memory	true	false	false	visible	-	chat_profiles.chat_params.overrides	workers/RAG/direct_chat_service (hot.get|get_chat_param)	hot.get|get_chat_param	OK
limits.mimic_cooldown	Кулдаун мимикрии, сек	Пауза между передразниваниями. Больше — реже мимикрия.	float	runtime	-	global|chat|direct	global → chat(override)	GET /api/config; GET /api/config/params-meta	POST /api/config (X-Chat-Id); DELETE /api/config/chat/{key} (сброс override)	float	view: role-matrix; edit: local_admin/global_admin	limits	limits_mimic	true	false	false	visible	-	chat_profiles.chat_params.overrides	workers/RAG/direct_chat_service (hot.get|get_chat_param)	hot.get|get_chat_param	OK
limits.mimic_min_words	Мин. слов для мимикрии	Сколько слов должно быть в сообщении, чтобы бот его передразнил. Больше — реже мимикрия.	int	runtime	-	global|chat|direct	global → chat(override)	GET /api/config; GET /api/config/params-meta	POST /api/config (X-Chat-Id); DELETE /api/config/chat/{key} (сброс override)	int	view: role-matrix; edit: local_admin/global_admin	limits	limits_mimic	true	false	false	visible	-	chat_profiles.chat_params.overrides	workers/RAG/direct_chat_service (hot.get|get_chat_param)	hot.get|get_chat_param	OK
limits.olya_cooldown	Кулдаун Оли, сек	Пауза между реакциями на видео Оли. Больше — реже реакции.	float	runtime	-	global|chat|direct	global → chat(override)	GET /api/config; GET /api/config/params-meta	POST /api/config (X-Chat-Id); DELETE /api/config/chat/{key} (сброс override)	float	view: role-matrix; edit: local_admin/global_admin	limits	limits_media_permsoc	true	false	false	visible	-	chat_profiles.chat_params.overrides	workers/RAG/direct_chat_service (hot.get|get_chat_param)	hot.get|get_chat_param	OK
limits.rag_stale_after_days	Память: срок жизни факта, дней — пометка устаревания	Факт памяти старше порога получает пометку «возможно устарело» (180 — примерно 6 месяцев). Ровно порог — ещё не устарел.	int	runtime	-	global|chat|direct	global → chat(override)	GET /api/config; GET /api/config/params-meta	POST /api/config (X-Chat-Id); DELETE /api/config/chat/{key} (сброс override)	int	view: role-matrix; edit: local_admin/global_admin	limits	limits_memory	true	false	false	visible	-	chat_profiles.chat_params.overrides	workers/RAG/direct_chat_service (hot.get|get_chat_param)	hot.get|get_chat_param	OK
limits.relations_acquaintance_min_days	Знакомый: мин. дней в чате	Порог дней с первого сообщения для acquaintance.	int	runtime	-	global|chat|direct	global → chat(override)	GET /api/config; GET /api/config/params-meta	POST /api/config (X-Chat-Id); DELETE /api/config/chat/{key} (сброс override)	int	view: role-matrix; edit: local_admin/global_admin	limits	limits_relations	true	false	false	visible	-	chat_profiles.chat_params.overrides	workers/RAG/direct_chat_service (hot.get|get_chat_param)	hot.get|get_chat_param	OK
limits.relations_acquaintance_min_msg	Знакомый: мин. сообщений	Порог msg_total для стадии acquaintance (в паре с мин. днями в чате).	int	runtime	-	global|chat|direct	global → chat(override)	GET /api/config; GET /api/config/params-meta	POST /api/config (X-Chat-Id); DELETE /api/config/chat/{key} (сброс override)	int	view: role-matrix; edit: local_admin/global_admin	limits	limits_relations	true	false	false	visible	-	chat_profiles.chat_params.overrides	workers/RAG/direct_chat_service (hot.get|get_chat_param)	hot.get|get_chat_param	OK
limits.relations_api_max_users	Потолок участников в списке	Лимит refresh/GET relations без явного списка (топ по активности).	int	runtime	-	global|chat|direct	global → chat(override)	GET /api/config; GET /api/config/params-meta	POST /api/config (X-Chat-Id); DELETE /api/config/chat/{key} (сброс override)	int	view: role-matrix; edit: local_admin/global_admin	limits	limits_relations	true	false	false	visible	-	chat_profiles.chat_params.overrides	workers/RAG/direct_chat_service (hot.get|get_chat_param)	hot.get|get_chat_param	OK
limits.relations_decay_half_life_days	Полураспад активности, дней	Период, за который вклад сообщения в activity_score падает вдвое.	int	runtime	-	global|chat|direct	global → chat(override)	GET /api/config; GET /api/config/params-meta	POST /api/config (X-Chat-Id); DELETE /api/config/chat/{key} (сброс override)	int	view: role-matrix; edit: local_admin/global_admin	limits	limits_relations	true	false	false	visible	-	chat_profiles.chat_params.overrides	workers/RAG/direct_chat_service (hot.get|get_chat_param)	hot.get|get_chat_param	OK
limits.relations_downgrade_msg_30d	Понижение только при сообщений/30д	Понижение возможно, только если сообщений за 30 дней меньше порога.	int	runtime	-	global|chat|direct	global → chat(override)	GET /api/config; GET /api/config/params-meta	POST /api/config (X-Chat-Id); DELETE /api/config/chat/{key} (сброс override)	int	view: role-matrix; edit: local_admin/global_admin	limits	limits_relations	true	false	false	visible	-	chat_profiles.chat_params.overrides	workers/RAG/direct_chat_service (hot.get|get_chat_param)	hot.get|get_chat_param	OK
limits.relations_hold_absent_days	Держать стадию при отсутствии, дней	Отсутствие дольше этого срока — стадия НЕ понижается (падает только активность).	int	runtime	-	global|chat|direct	global → chat(override)	GET /api/config; GET /api/config/params-meta	POST /api/config (X-Chat-Id); DELETE /api/config/chat/{key} (сброс override)	int	view: role-matrix; edit: local_admin/global_admin	limits	limits_relations	true	false	false	visible	-	chat_profiles.chat_params.overrides	workers/RAG/direct_chat_service (hot.get|get_chat_param)	hot.get|get_chat_param	OK
limits.relations_inject_max_chars	Потолок блока отношений (символов)	Потолок символов блока отношений в контексте (600; блок uncuttable бюджетом).	int	runtime	-	global|chat|direct	global → chat(override)	GET /api/config; GET /api/config/params-meta	POST /api/config (X-Chat-Id); DELETE /api/config/chat/{key} (сброс override)	int	view: role-matrix; edit: local_admin/global_admin	limits	limits_relations	true	false	false	visible	-	chat_profiles.chat_params.overrides	workers/RAG/direct_chat_service (hot.get|get_chat_param)	hot.get|get_chat_param	OK
limits.relations_recalc_ttl_minutes	Пересчёт карточек не чаще, минут	Как долго не пересчитывать карточки участников повторно.	int	runtime	-	global|chat|direct	global → chat(override)	GET /api/config; GET /api/config/params-meta	POST /api/config (X-Chat-Id); DELETE /api/config/chat/{key} (сброс override)	int	view: role-matrix; edit: local_admin/global_admin	limits	limits_relations	true	false	false	visible	-	chat_profiles.chat_params.overrides	workers/RAG/direct_chat_service (hot.get|get_chat_param)	hot.get|get_chat_param	OK
limits.relations_regular_min_days	Свой: мин. дней в чате	Порог дней с первого сообщения для regular.	int	runtime	-	global|chat|direct	global → chat(override)	GET /api/config; GET /api/config/params-meta	POST /api/config (X-Chat-Id); DELETE /api/config/chat/{key} (сброс override)	int	view: role-matrix; edit: local_admin/global_admin	limits	limits_relations	true	false	false	visible	-	chat_profiles.chat_params.overrides	workers/RAG/direct_chat_service (hot.get|get_chat_param)	hot.get|get_chat_param	OK
limits.relations_regular_min_msg	Свой: мин. сообщений	Порог msg_total для стадии regular.	int	runtime	-	global|chat|direct	global → chat(override)	GET /api/config; GET /api/config/params-meta	POST /api/config (X-Chat-Id); DELETE /api/config/chat/{key} (сброс override)	int	view: role-matrix; edit: local_admin/global_admin	limits	limits_relations	true	false	false	visible	-	chat_profiles.chat_params.overrides	workers/RAG/direct_chat_service (hot.get|get_chat_param)	hot.get|get_chat_param	OK
limits.relations_scan_max_rows	Потолок строк окна скана	Строк окна decay > порога — окно сжимается вдвое (до 3 итераций).	int	runtime	-	global|chat|direct	global → chat(override)	GET /api/config; GET /api/config/params-meta	POST /api/config (X-Chat-Id); DELETE /api/config/chat/{key} (сброс override)	int	view: role-matrix; edit: local_admin/global_admin	limits	limits_relations	true	false	false	visible	-	chat_profiles.chat_params.overrides	workers/RAG/direct_chat_service (hot.get|get_chat_param)	hot.get|get_chat_param	OK
limits.relations_stage_change_min_days	Понижение не чаще, дней	Минимальный интервал между понижениями стадии (анти-откат).	int	runtime	-	global|chat|direct	global → chat(override)	GET /api/config; GET /api/config/params-meta	POST /api/config (X-Chat-Id); DELETE /api/config/chat/{key} (сброс override)	int	view: role-matrix; edit: local_admin/global_admin	limits	limits_relations	true	false	false	visible	-	chat_profiles.chat_params.overrides	workers/RAG/direct_chat_service (hot.get|get_chat_param)	hot.get|get_chat_param	OK
limits.relations_veteran_min_days	Ветеран: мин. дней в чате	Порог дней с первого сообщения для veteran (365).	int	runtime	-	global|chat|direct	global → chat(override)	GET /api/config; GET /api/config/params-meta	POST /api/config (X-Chat-Id); DELETE /api/config/chat/{key} (сброс override)	int	view: role-matrix; edit: local_admin/global_admin	limits	limits_relations	true	false	false	visible	-	chat_profiles.chat_params.overrides	workers/RAG/direct_chat_service (hot.get|get_chat_param)	hot.get|get_chat_param	OK
limits.relations_veteran_min_msg	Ветеран: мин. сообщений	Порог msg_total для стадии veteran (1000).	int	runtime	-	global|chat|direct	global → chat(override)	GET /api/config; GET /api/config/params-meta	POST /api/config (X-Chat-Id); DELETE /api/config/chat/{key} (сброс override)	int	view: role-matrix; edit: local_admin/global_admin	limits	limits_relations	true	false	false	visible	-	chat_profiles.chat_params.overrides	workers/RAG/direct_chat_service (hot.get|get_chat_param)	hot.get|get_chat_param	OK
limits.running_summary_ttl_minutes	Срок жизни бегущего конспекта, минут	Сколько живёт бегущий конспект без обновлений. Больше — дольше помнит.	int	runtime	-	global|chat|direct	global → chat(override)	GET /api/config; GET /api/config/params-meta	POST /api/config (X-Chat-Id); DELETE /api/config/chat/{key} (сброс override)	int	view: role-matrix; edit: local_admin/global_admin	limits	limits_chat	true	false	false	visible	-	chat_profiles.chat_params.overrides	workers/RAG/direct_chat_service (hot.get|get_chat_param)	hot.get|get_chat_param	OK
limits.search_context_messages	Окно контекста поиска (сообщений)	Сколько сообщений берётся для поиска. Больше — точнее, но дороже.	int	runtime	-	global|chat|direct	global → chat(override)	GET /api/config; GET /api/config/params-meta	POST /api/config (X-Chat-Id); DELETE /api/config/chat/{key} (сброс override)	int	view: role-matrix; edit: local_admin/global_admin	limits	limits_search	true	false	false	visible	-	chat_profiles.chat_params.overrides	workers/RAG/direct_chat_service (hot.get|get_chat_param)	hot.get|get_chat_param	OK
limits.search_cooldown_seconds	Кулдаун поиска, сек	Пауза между поисковыми запросами. Больше — бот реже ищет в интернете и меньше нагружает поисковые сервисы.	float	runtime	-	global|chat|direct	global → chat(override)	GET /api/config; GET /api/config/params-meta	POST /api/config (X-Chat-Id); DELETE /api/config/chat/{key} (сброс override)	float	view: role-matrix; edit: local_admin/global_admin	limits	limits_search	true	false	false	visible	-	chat_profiles.chat_params.overrides	workers/RAG/direct_chat_service (hot.get|get_chat_param)	hot.get|get_chat_param	OK
limits.search_max_symbols	Длина ответа поиска, символов	Максимальная длина ответа поиска. Больше — ответ подробнее, но генерируется дольше и дороже.	int	runtime	-	global|chat|direct	global → chat(override)	GET /api/config; GET /api/config/params-meta	POST /api/config (X-Chat-Id); DELETE /api/config/chat/{key} (сброс override)	int	view: role-matrix; edit: local_admin/global_admin	limits	limits_search	true	false	false	visible	-	chat_profiles.chat_params.overrides	workers/RAG/direct_chat_service (hot.get|get_chat_param)	hot.get|get_chat_param	OK
limits.selfdev_cooldown	Кулдаун selfdev, сек	Пауза между ответами на «саморазвитие». Больше — реже реакции.	float	runtime	-	global|chat|direct	global → chat(override)	GET /api/config; GET /api/config/params-meta	POST /api/config (X-Chat-Id); DELETE /api/config/chat/{key} (сброс override)	float	view: role-matrix; edit: local_admin/global_admin	limits	limits_media_permsoc	true	false	false	visible	-	chat_profiles.chat_params.overrides	workers/RAG/direct_chat_service (hot.get|get_chat_param)	hot.get|get_chat_param	OK
limits.slavic_photo_interval	Интервал фото Славика (сообщений)	Через сколько сообщений Славик кидает фото. Меньше — чаще фото.	int	runtime	-	global|chat|direct	global → chat(override)	GET /api/config; GET /api/config/params-meta	POST /api/config (X-Chat-Id); DELETE /api/config/chat/{key} (сброс override)	int	view: role-matrix; edit: local_admin/global_admin	limits	limits_media_permsoc	true	false	false	visible	-	chat_profiles.chat_params.overrides	workers/RAG/direct_chat_service (hot.get|get_chat_param)	hot.get|get_chat_param	OK
limits.slavik_mimic_cooldown	Кулдаун мимикрии Славика, сек	Пауза между передразниваниями Славика. Больше — реже мимикрия.	float	runtime	-	global|chat|direct	global → chat(override)	GET /api/config; GET /api/config/params-meta	POST /api/config (X-Chat-Id); DELETE /api/config/chat/{key} (сброс override)	float	view: role-matrix; edit: local_admin/global_admin	limits	limits_mimic	true	false	false	visible	-	chat_profiles.chat_params.overrides	workers/RAG/direct_chat_service (hot.get|get_chat_param)	hot.get|get_chat_param	OK
limits.slavik_mimic_min_words	Мин. слов для мимикрии Славика	Минимальная длина сообщения для мимикрии Славика. Больше — реже мимикрия.	int	runtime	-	global|chat|direct	global → chat(override)	GET /api/config; GET /api/config/params-meta	POST /api/config (X-Chat-Id); DELETE /api/config/chat/{key} (сброс override)	int	view: role-matrix; edit: local_admin/global_admin	limits	limits_mimic	true	false	false	visible	-	chat_profiles.chat_params.overrides	workers/RAG/direct_chat_service (hot.get|get_chat_param)	hot.get|get_chat_param	OK
limits.smart_cache_max_rows	Потолок строк smart_cache	Сколько готовых ответов максимум хранить. Больше — больше попаданий, но тяжелее.	int	runtime	-	global|chat|direct	global → chat(override)	GET /api/config; GET /api/config/params-meta	POST /api/config (X-Chat-Id); DELETE /api/config/chat/{key} (сброс override)	int	view: role-matrix; edit: local_admin/global_admin	limits	limits_smart_cache	true	false	false	visible	-	chat_profiles.chat_params.overrides	workers/RAG/direct_chat_service (hot.get|get_chat_param)	hot.get|get_chat_param	OK
limits.smart_cache_ttl_seconds	Срок жизни умного кэша, сек	Сколько хранить готовый ответ на повторный вопрос. Больше — быстрее отвечает, но память засоряется.	int	runtime	-	global|chat|direct	global → chat(override)	GET /api/config; GET /api/config/params-meta	POST /api/config (X-Chat-Id); DELETE /api/config/chat/{key} (сброс override)	int	view: role-matrix; edit: local_admin/global_admin	limits	limits_smart_cache	true	false	false	visible	-	chat_profiles.chat_params.overrides	workers/RAG/direct_chat_service (hot.get|get_chat_param)	hot.get|get_chat_param	OK
limits.smartmodule_concurrency_per_chat	Одновременных запросов нейросети на чат	Сколько генераций одного чата могут выполняться одновременно; 1 = строгая очередь (как раньше).	int	runtime	-	global|chat|direct	global → chat(override)	GET /api/config; GET /api/config/params-meta	POST /api/config (X-Chat-Id); DELETE /api/config/chat/{key} (сброс override)	int	view: role-matrix; edit: local_admin/global_admin	limits	limits_chat	true	false	false	visible	-	chat_profiles.chat_params.overrides	workers/RAG/direct_chat_service (hot.get|get_chat_param)	hot.get|get_chat_param	OK
limits.smartmodule_concurrency_wait_seconds	Ожидание слота генерации (smart module), сек	Сколько ждать свободный слот в поиске/фактчеке/ютубе/вебе/чекапе. Больше — терпеливее, но дольше тишина.	float	runtime	-	global|chat|direct	global → chat(override)	GET /api/config; GET /api/config/params-meta	POST /api/config (X-Chat-Id); DELETE /api/config/chat/{key} (сброс override)	float	view: role-matrix; edit: local_admin/global_admin	limits	limits_chat	true	false	false	visible	-	chat_profiles.chat_params.overrides	workers/RAG/direct_chat_service (hot.get|get_chat_param)	hot.get|get_chat_param	OK
limits.stt_groq_max_upload_mb	Потолок загрузки в Groq, МБ	Файл больше Groq-стратегия пропускается (лимит upload). Больше — риск HTTP 400.	int	runtime	-	global|chat|direct	global → chat(override)	GET /api/config; GET /api/config/params-meta	POST /api/config (X-Chat-Id); DELETE /api/config/chat/{key} (сброс override)	int	view: role-matrix; edit: local_admin/global_admin	limits	limits_transcribe	true	false	false	visible	-	chat_profiles.chat_params.overrides	workers/RAG/direct_chat_service (hot.get|get_chat_param)	hot.get|get_chat_param	OK
limits.stt_openrouter_max_upload_mb	Потолок загрузки в OpenRouter, МБ	Файл больше OpenRouter-стратегия пропускается (base64 input_audio). Больше — риск HTTP 400.	int	runtime	-	global|chat|direct	global → chat(override)	GET /api/config; GET /api/config/params-meta	POST /api/config (X-Chat-Id); DELETE /api/config/chat/{key} (сброс override)	int	view: role-matrix; edit: local_admin/global_admin	limits	limits_transcribe	true	false	false	visible	-	chat_profiles.chat_params.overrides	workers/RAG/direct_chat_service (hot.get|get_chat_param)	hot.get|get_chat_param	OK
limits.summary_aliases	Словарь алиасов имён	Как бот обращается к людям: алиас → имя → никнейм. Пары ID → имя — например {"138811255": "Леха"}.	json	runtime	-	global|chat|direct	global → chat(override)	GET /api/config; GET /api/config/params-meta	POST /api/config (X-Chat-Id); DELETE /api/config/chat/{key} (сброс override)	json	view: role-matrix; edit: local_admin/global_admin	limits	limits_user_aliases	true	false	false	visible	keyvalue	chat_profiles.chat_params.overrides	workers/RAG/direct_chat_service (hot.get|get_chat_param)	hot.get|get_chat_param	OK
limits.summary_chunk_delay	Пауза между чанками саммари, сек	Пауза между частями длинного пересказа. Больше — мягче для лимитов, дольше ответ.	float	runtime	-	global|chat|direct	global → chat(override)	GET /api/config; GET /api/config/params-meta	POST /api/config (X-Chat-Id); DELETE /api/config/chat/{key} (сброс override)	float	view: role-matrix; edit: local_admin/global_admin	limits	limits_summary	true	false	false	visible	-	chat_profiles.chat_params.overrides	workers/RAG/direct_chat_service (hot.get|get_chat_param)	hot.get|get_chat_param	OK
limits.summary_compress_batch	Сколько сообщений сжимать за раз	Сколько сообщений сжимается за раз. Больше — быстрее, но грубее.	int	runtime	-	global|chat|direct	global → chat(override)	GET /api/config; GET /api/config/params-meta	POST /api/config (X-Chat-Id); DELETE /api/config/chat/{key} (сброс override)	int	view: role-matrix; edit: local_admin/global_admin	limits	limits_summary	true	false	false	visible	-	chat_profiles.chat_params.overrides	workers/RAG/direct_chat_service (hot.get|get_chat_param)	hot.get|get_chat_param	OK
limits.summary_filter_burst_window_seconds	Окно временного всплеска, сек	Промежуток, в котором сообщения считаются всплеском активности.	int	runtime	-	global|chat|direct	global → chat(override)	GET /api/config; GET /api/config/params-meta	POST /api/config (X-Chat-Id); DELETE /api/config/chat/{key} (сброс override)	int	view: role-matrix; edit: local_admin/global_admin	limits	limits_summary_filter	true	false	false	visible	-	bot_settings + chat_profiles.chat_params.overrides	ConfigCache / hot.get|get_chat_param	hot.get|get_chat_param	new
limits.summary_filter_context_max_messages	Лимит восстановленного контекста	Максимум сообщений, добавляемых при восстановлении контекста.	int	runtime	-	global|chat|direct	global → chat(override)	GET /api/config; GET /api/config/params-meta	POST /api/config (X-Chat-Id); DELETE /api/config/chat/{key} (сброс override)	int	view: role-matrix; edit: local_admin/global_admin	limits	limits_summary_filter	true	false	false	visible	-	bot_settings + chat_profiles.chat_params.overrides	ConfigCache / hot.get|get_chat_param	hot.get|get_chat_param	new
limits.summary_filter_context_neighbors	Ближайших контекстных сообщений	Сколько соседних сообщений восстанавливать вокруг важного. Используется восстановлением контекста.	int	runtime	-	global|chat|direct	global → chat(override)	GET /api/config; GET /api/config/params-meta	POST /api/config (X-Chat-Id); DELETE /api/config/chat/{key} (сброс override)	int	view: role-matrix; edit: local_admin/global_admin	limits	limits_summary_filter	true	false	false	visible	-	bot_settings + chat_profiles.chat_params.overrides	ConfigCache / hot.get|get_chat_param	hot.get|get_chat_param	new
limits.summary_filter_min_burst_density	Минимальная плотность всплеска	Сколько сообщений в окне всплеска нужно, чтобы считать его всплеском.	int	runtime	-	global|chat|direct	global → chat(override)	GET /api/config; GET /api/config/params-meta	POST /api/config (X-Chat-Id); DELETE /api/config/chat/{key} (сброс override)	int	view: role-matrix; edit: local_admin/global_admin	limits	limits_summary_filter	true	false	false	visible	-	bot_settings + chat_profiles.chat_params.overrides	ConfigCache / hot.get|get_chat_param	hot.get|get_chat_param	new
limits.summary_filter_min_weight	Минимальный вес сообщения	Сколько баллов нужно, чтобы сообщение попало в пересказ. 0 — сохранять всё.	int	runtime	-	global|chat|direct	global → chat(override)	GET /api/config; GET /api/config/params-meta	POST /api/config (X-Chat-Id); DELETE /api/config/chat/{key} (сброс override)	int	view: role-matrix; edit: local_admin/global_admin	limits	limits_summary_filter	true	false	false	visible	-	bot_settings + chat_profiles.chat_params.overrides	ConfigCache / hot.get|get_chat_param	hot.get|get_chat_param	new
limits.summary_filter_min_words_for_bonus	Минимальная длина для бонуса (слов)	Сообщения длиннее этого числа слов получают дополнительный балл.	int	runtime	-	global|chat|direct	global → chat(override)	GET /api/config; GET /api/config/params-meta	POST /api/config (X-Chat-Id); DELETE /api/config/chat/{key} (сброс override)	int	view: role-matrix; edit: local_admin/global_admin	limits	limits_summary_filter	true	false	false	visible	-	bot_settings + chat_profiles.chat_params.overrides	ConfigCache / hot.get|get_chat_param	hot.get|get_chat_param	new
limits.summary_max_context_chars	Потолок текста для нейросети (символов)	Потолок текста, отдаваемого нейросети. Больше — точнее, но дороже и медленнее.	int	runtime	-	global|chat|direct	global → chat(override)	GET /api/config; GET /api/config/params-meta	POST /api/config (X-Chat-Id); DELETE /api/config/chat/{key} (сброс override)	int	view: role-matrix; edit: local_admin/global_admin	limits	limits_summary	true	false	false	visible	-	chat_profiles.chat_params.overrides	workers/RAG/direct_chat_service (hot.get|get_chat_param)	hot.get|get_chat_param	OK
limits.summary_max_context_tokens	Потолок контекста пересказа, слов	Максимальный размер пересказа. Больше — полнее, но дороже.	int	runtime	-	global|chat|direct	global → chat(override)	GET /api/config; GET /api/config/params-meta	POST /api/config (X-Chat-Id); DELETE /api/config/chat/{key} (сброс override)	int	view: role-matrix; edit: local_admin/global_admin	limits	limits_summary	true	false	false	visible	-	chat_profiles.chat_params.overrides	workers/RAG/direct_chat_service (hot.get|get_chat_param)	hot.get|get_chat_param	OK
limits.summary_max_message_chars	Макс. длина одного сообщения (символов)	Максимальная длина одного сообщения в пересказе. Больше — учитываются длинные сообщения.	int	runtime	-	global|chat|direct	global → chat(override)	GET /api/config; GET /api/config/params-meta	POST /api/config (X-Chat-Id); DELETE /api/config/chat/{key} (сброс override)	int	view: role-matrix; edit: local_admin/global_admin	limits	limits_summary	true	false	false	visible	-	chat_profiles.chat_params.overrides	workers/RAG/direct_chat_service (hot.get|get_chat_param)	hot.get|get_chat_param	OK
limits.summary_max_window_messages	Сколько сообщений берётся в пересказ	Сколько сообщений максимум берётся в пересказ. Больше — полнее, но дороже.	int	runtime	-	global|chat|direct	global → chat(override)	GET /api/config; GET /api/config/params-meta	POST /api/config (X-Chat-Id); DELETE /api/config/chat/{key} (сброс override)	int	view: role-matrix; edit: local_admin/global_admin	limits	limits_memory	true	false	false	visible	-	chat_profiles.chat_params.overrides	workers/RAG/direct_chat_service (hot.get|get_chat_param)	hot.get|get_chat_param	OK
limits.summary_rag_l2_limit	Сколько фактов памяти берётся (средний уровень)	Сколько фактов памяти берётся на втором уровне. Больше — контекстнее, дороже.	int	runtime	-	global|chat|direct	global → chat(override)	GET /api/config; GET /api/config/params-meta	POST /api/config (X-Chat-Id); DELETE /api/config/chat/{key} (сброс override)	int	view: role-matrix; edit: local_admin/global_admin	limits	limits_graph	true	false	false	visible	-	chat_profiles.chat_params.overrides	workers/RAG/direct_chat_service (hot.get|get_chat_param)	hot.get|get_chat_param	OK
limits.summary_rag_l3_limit	Сколько фактов памяти берётся (глубокий уровень)	Сколько фактов памяти берётся на третьем уровне. Больше — точнее, дороже.	int	runtime	-	global|chat|direct	global → chat(override)	GET /api/config; GET /api/config/params-meta	POST /api/config (X-Chat-Id); DELETE /api/config/chat/{key} (сброс override)	int	view: role-matrix; edit: local_admin/global_admin	limits	limits_graph	true	false	false	visible	-	chat_profiles.chat_params.overrides	workers/RAG/direct_chat_service (hot.get|get_chat_param)	hot.get|get_chat_param	OK
limits.summary_retry_once_pause	Пауза повтора генерации, сек	Пауза перед повторной попыткой, если пересказ не удался. Больше — терпеливее.	float	runtime	-	global|chat|direct	global → chat(override)	GET /api/config; GET /api/config/params-meta	POST /api/config (X-Chat-Id); DELETE /api/config/chat/{key} (сброс override)	float	view: role-matrix; edit: local_admin/global_admin	limits	limits_summary	true	false	false	visible	-	chat_profiles.chat_params.overrides	workers/RAG/direct_chat_service (hot.get|get_chat_param)	hot.get|get_chat_param	OK
limits.summary_stream_edit_interval_group	Темп стрим-правок (группа)	Как часто обновлять пересказ в группе. Меньше — живее, но больше правок.	float	runtime	-	global|chat|direct	global → chat(override)	GET /api/config; GET /api/config/params-meta	POST /api/config (X-Chat-Id); DELETE /api/config/chat/{key} (сброс override)	float	view: role-matrix; edit: local_admin/global_admin	limits	limits_summary	true	false	false	visible	-	chat_profiles.chat_params.overrides	workers/RAG/direct_chat_service (hot.get|get_chat_param)	hot.get|get_chat_param	OK
limits.summary_stream_edit_interval_private	Темп стрим-правок (приват)	Как часто обновлять пересказ в личной переписке. Меньше — живее, но больше правок.	float	runtime	-	global|chat|direct	global → chat(override)	GET /api/config; GET /api/config/params-meta	POST /api/config (X-Chat-Id); DELETE /api/config/chat/{key} (сброс override)	float	view: role-matrix; edit: local_admin/global_admin	limits	limits_summary	true	false	false	visible	-	chat_profiles.chat_params.overrides	workers/RAG/direct_chat_service (hot.get|get_chat_param)	hot.get|get_chat_param	OK
limits.summary_throttle_seconds	Троттлинг /summary, сек	Минимальная пауза между запросами пересказа. Больше — реже можно просить.	float	runtime	-	global|chat|direct	global → chat(override)	GET /api/config; GET /api/config/params-meta	POST /api/config (X-Chat-Id); DELETE /api/config/chat/{key} (сброс override)	float	view: role-matrix; edit: local_admin/global_admin	limits	limits_summary	true	false	false	visible	-	chat_profiles.chat_params.overrides	workers/RAG/direct_chat_service (hot.get|get_chat_param)	hot.get|get_chat_param	OK
limits.summary_timezone	Часовой пояс саммари	Часовой пояс для границ дня пересказа. Меняется, если бот в другом поясе.	str	runtime	-	global|chat|direct	global → chat(override)	GET /api/config; GET /api/config/params-meta	POST /api/config (X-Chat-Id); DELETE /api/config/chat/{key} (сброс override)	str	view: role-matrix; edit: local_admin/global_admin	limits	limits_summary	true	false	false	visible	-	chat_profiles.chat_params.overrides	workers/RAG/direct_chat_service (hot.get|get_chat_param)	hot.get|get_chat_param	OK
limits.summary_window_hours	Окно генерации саммари, часов	За какой период брать сообщения для пересказа. Больше — шире охват, но дороже.	float	runtime	-	global|chat|direct	global → chat(override)	GET /api/config; GET /api/config/params-meta	POST /api/config (X-Chat-Id); DELETE /api/config/chat/{key} (сброс override)	float	view: role-matrix; edit: local_admin/global_admin	limits	limits_memory	true	false	false	visible	-	chat_profiles.chat_params.overrides	workers/RAG/direct_chat_service (hot.get|get_chat_param)	hot.get|get_chat_param	OK
limits.typing_interval_seconds	Интервал «печатает…», сек	Как часто обновлять индикатор «печатает…». Меньше — живее, но больше запросов.	float	runtime	-	global|chat|direct	global → chat(override)	GET /api/config; GET /api/config/params-meta	POST /api/config (X-Chat-Id); DELETE /api/config/chat/{key} (сброс override)	float	view: role-matrix; edit: local_admin/global_admin	limits	limits_chat_behavior	true	false	false	visible	-	chat_profiles.chat_params.overrides	workers/RAG/direct_chat_service (hot.get|get_chat_param)	hot.get|get_chat_param	OK
limits.video_stt_timeout_seconds	Таймаут расшифровки видео, сек	Сколько ждать ОДНУ стратегию распознавания для видео-файлов (перекрывает Groq/OpenRouter таймауты). Голосовые не трогает.	float	runtime	-	global|chat|direct	global → chat(override)	GET /api/config; GET /api/config/params-meta	POST /api/config (X-Chat-Id); DELETE /api/config/chat/{key} (сброс override)	float	view: role-matrix; edit: local_admin/global_admin	limits	limits_transcribe	true	false	false	visible	-	chat_profiles.chat_params.overrides	workers/RAG/direct_chat_service (hot.get|get_chat_param)	hot.get|get_chat_param	OK
limits.video_summary_min_chars	Мин. символов транскрипта для выжимки	Короче транскрипта выжимка не строится — честная фраза «нет речи». Больше — строже.	int	runtime	-	global|chat|direct	global → chat(override)	GET /api/config; GET /api/config/params-meta	POST /api/config (X-Chat-Id); DELETE /api/config/chat/{key} (сброс override)	int	view: role-matrix; edit: local_admin/global_admin	limits	limits_video_summary	true	false	false	visible	-	chat_profiles.chat_params.overrides	workers/RAG/direct_chat_service (hot.get|get_chat_param)	hot.get|get_chat_param	OK
limits.video_transcribe_max_duration_seconds	Макс. длительность видео для расшифровки, сек	Видео длиннее не расшифровывается. Telegram отдаёт длительность для видео-сообщений; у документов проверки длительности нет.	int	runtime	-	global|chat|direct	global → chat(override)	GET /api/config; GET /api/config/params-meta	POST /api/config (X-Chat-Id); DELETE /api/config/chat/{key} (сброс override)	int	view: role-matrix; edit: local_admin/global_admin	limits	limits_transcribe	true	false	false	visible	-	chat_profiles.chat_params.overrides	workers/RAG/direct_chat_service (hot.get|get_chat_param)	hot.get|get_chat_param	OK
limits.video_transcribe_max_size_mb	Макс. размер видео для расшифровки, МБ	Видео больше этого размера по командам „транскрипт/че за видос/…” не расшифровывается. Проверяется по file_size ДО скачивания.	int	runtime	-	global|chat|direct	global → chat(override)	GET /api/config; GET /api/config/params-meta	POST /api/config (X-Chat-Id); DELETE /api/config/chat/{key} (сброс override)	int	view: role-matrix; edit: local_admin/global_admin	limits	limits_transcribe	true	false	false	visible	-	chat_profiles.chat_params.overrides	workers/RAG/direct_chat_service (hot.get|get_chat_param)	hot.get|get_chat_param	OK
limits.voice_max_duration_seconds	Макс. длительность войса, сек	Длиннее этого войса не расшифровываются. Больше — длиннее можно.	int	runtime	-	global|chat|direct	global → chat(override)	GET /api/config; GET /api/config/params-meta	POST /api/config (X-Chat-Id); DELETE /api/config/chat/{key} (сброс override)	int	view: role-matrix; edit: local_admin/global_admin	limits	limits_transcribe	true	false	false	visible	-	chat_profiles.chat_params.overrides	workers/RAG/direct_chat_service (hot.get|get_chat_param)	hot.get|get_chat_param	OK
limits.webpage_cooldown_seconds	Кулдаун веб-страниц, сек	Пауза между пересказами страниц. Больше — бот реже пересказывает.	float	runtime	-	global|chat|direct	global → chat(override)	GET /api/config; GET /api/config/params-meta	POST /api/config (X-Chat-Id); DELETE /api/config/chat/{key} (сброс override)	float	view: role-matrix; edit: local_admin/global_admin	limits	limits_web	true	false	false	visible	-	chat_profiles.chat_params.overrides	workers/RAG/direct_chat_service (hot.get|get_chat_param)	hot.get|get_chat_param	OK
limits.webpage_max_symbols	Лимит веб-страниц, символов	Максимальная длина пересказа страницы. Больше — подробнее, но дольше и дороже.	int	runtime	-	global|chat|direct	global → chat(override)	GET /api/config; GET /api/config/params-meta	POST /api/config (X-Chat-Id); DELETE /api/config/chat/{key} (сброс override)	int	view: role-matrix; edit: local_admin/global_admin	limits	limits_web	true	false	false	visible	-	chat_profiles.chat_params.overrides	workers/RAG/direct_chat_service (hot.get|get_chat_param)	hot.get|get_chat_param	OK
limits.work_cooldown	Кулдаун work, сек	Пауза между ответами на «устал» и подобные. Больше — реже реакции.	float	runtime	-	global|chat|direct	global → chat(override)	GET /api/config; GET /api/config/params-meta	POST /api/config (X-Chat-Id); DELETE /api/config/chat/{key} (сброс override)	float	view: role-matrix; edit: local_admin/global_admin	limits	limits_media_permsoc	true	false	false	visible	-	chat_profiles.chat_params.overrides	workers/RAG/direct_chat_service (hot.get|get_chat_param)	hot.get|get_chat_param	OK
limits.worker_budget_jitter_minutes	Фон: разброс тиков, минут	Случайный сдвиг тиков фоновых воркеров (≤ интервал/3).	int	runtime	-	global|chat|direct	global → chat(override)	GET /api/config; GET /api/config/params-meta	POST /api/config (X-Chat-Id); DELETE /api/config/chat/{key} (сброс override)	int	view: role-matrix; edit: local_admin/global_admin	limits	limits_worker	true	false	false	visible	-	chat_profiles.chat_params.overrides	workers/RAG/direct_chat_service (hot.get|get_chat_param)	hot.get|get_chat_param	OK
limits.worker_budget_tz	Фон: таймзона дня бюджетов	Локальная таймзона, в которой считаются сутки бюджета фоновых воркеров (по умолчанию Asia/Yekaterinburg).	str	runtime	-	global|chat|direct	global → chat(override)	GET /api/config; GET /api/config/params-meta	POST /api/config (X-Chat-Id); DELETE /api/config/chat/{key} (сброс override)	str	view: role-matrix; edit: local_admin/global_admin	limits	limits_worker	true	false	false	visible	-	chat_profiles.chat_params.overrides	workers/RAG/direct_chat_service (hot.get|get_chat_param)	hot.get|get_chat_param	OK
limits.worker_daily_llm_calls_global	Фон: дневной потолок вызовов нейросети (все чаты)	Общий суточный запас вызовов фоновых воркеров (сон, ностальгия, лор). Исчерпан — отключаются по приоритету.	int	runtime	-	global|chat|direct	global → chat(override)	GET /api/config; GET /api/config/params-meta	POST /api/config (X-Chat-Id); DELETE /api/config/chat/{key} (сброс override)	int	view: role-matrix; edit: local_admin/global_admin	limits	limits_worker	true	false	false	visible	-	chat_profiles.chat_params.overrides	workers/RAG/direct_chat_service (hot.get|get_chat_param)	hot.get|get_chat_param	OK
limits.worker_daily_llm_calls_per_chat	Фон: дневной потолок вызовов нейросети (чат)	Суточный запас вызовов фоновых воркеров для одного чата (по умолчанию 60). 0 — фоновый расход чата запрещён; −1 — безлимит.	int	runtime	-	global|chat|direct	global → chat(override)	GET /api/config; GET /api/config/params-meta	POST /api/config (X-Chat-Id); DELETE /api/config/chat/{key} (сброс override)	int	view: role-matrix; edit: local_admin/global_admin	limits	limits_worker	true	false	false	visible	-	chat_profiles.chat_params.overrides	workers/RAG/direct_chat_service (hot.get|get_chat_param)	hot.get|get_chat_param	OK
limits.worker_daily_llm_tokens_global	Фон: дневной потолок слов (все чаты)	Общий суточный запас текста для фоновых воркеров.	int	runtime	-	global|chat|direct	global → chat(override)	GET /api/config; GET /api/config/params-meta	POST /api/config (X-Chat-Id); DELETE /api/config/chat/{key} (сброс override)	int	view: role-matrix; edit: local_admin/global_admin	limits	limits_worker	true	false	false	visible	-	chat_profiles.chat_params.overrides	workers/RAG/direct_chat_service (hot.get|get_chat_param)	hot.get|get_chat_param	OK
limits.worker_daily_llm_tokens_per_chat	Фон: дневной потолок слов (чат)	Суточный запас текста фоновых воркеров для одного чата (по умолчанию 300 000). 0 — расход запрещён; −1 — безлимит.	int	runtime	-	global|chat|direct	global → chat(override)	GET /api/config; GET /api/config/params-meta	POST /api/config (X-Chat-Id); DELETE /api/config/chat/{key} (сброс override)	int	view: role-matrix; edit: local_admin/global_admin	limits	limits_worker	true	false	false	visible	-	chat_profiles.chat_params.overrides	workers/RAG/direct_chat_service (hot.get|get_chat_param)	hot.get|get_chat_param	OK
limits.worker_priority_order	Фон: порядок деградации воркеров	Порядок приоритетов: последний падает первым (по умолчанию nostalgia,lore,dream → первым падает dream). CSV имён воркеров.	str	runtime	-	global|chat|direct	global → chat(override)	GET /api/config; GET /api/config/params-meta	POST /api/config (X-Chat-Id); DELETE /api/config/chat/{key} (сброс override)	str	view: role-matrix; edit: local_admin/global_admin	limits	limits_worker	true	false	false	visible	-	chat_profiles.chat_params.overrides	workers/RAG/direct_chat_service (hot.get|get_chat_param)	hot.get|get_chat_param	OK
limits.youtube_cooldown_seconds	Кулдаун YouTube, сек	Пауза между пересказами видео. Больше — бот реже пересказывает.	float	runtime	-	global|chat|direct	global → chat(override)	GET /api/config; GET /api/config/params-meta	POST /api/config (X-Chat-Id); DELETE /api/config/chat/{key} (сброс override)	float	view: role-matrix; edit: local_admin/global_admin	limits	limits_youtube	true	false	false	visible	-	chat_profiles.chat_params.overrides	workers/RAG/direct_chat_service (hot.get|get_chat_param)	hot.get|get_chat_param	OK
limits.youtube_max_symbols	Лимит YouTube, символов	Максимальная длина пересказа видео. Больше — подробнее, но дольше и дороже.	int	runtime	-	global|chat|direct	global → chat(override)	GET /api/config; GET /api/config/params-meta	POST /api/config (X-Chat-Id); DELETE /api/config/chat/{key} (сброс override)	int	view: role-matrix; edit: local_admin/global_admin	limits	limits_youtube	true	false	false	visible	-	chat_profiles.chat_params.overrides	workers/RAG/direct_chat_service (hot.get|get_chat_param)	hot.get|get_chat_param	OK
limits.youtube_transcript_proxy_domain	Домен прокси-оверрайда	Домен прокси, если используете не Webshare. Пусто — берётся стандартный.	str	runtime	-	global|chat|direct	global → chat(override)	GET /api/config; GET /api/config/params-meta	POST /api/config (X-Chat-Id); DELETE /api/config/chat/{key} (сброс override)	str	view: role-matrix; edit: local_admin/global_admin	limits	limits_youtube_proxy	true	false	false	visible	-	chat_profiles.chat_params.overrides	workers/RAG/direct_chat_service (hot.get|get_chat_param)	hot.get|get_chat_param	OK
limits.youtube_transcript_proxy_locations	CSV-коды стран Webshare	Коды стран для прокси (например, de,us) — трафик будет выходить оттуда. Пусто — без ограничений.	str	runtime	-	global|chat|direct	global → chat(override)	GET /api/config; GET /api/config/params-meta	POST /api/config (X-Chat-Id); DELETE /api/config/chat/{key} (сброс override)	str	view: role-matrix; edit: local_admin/global_admin	limits	limits_youtube_proxy	true	false	false	visible	-	chat_profiles.chat_params.overrides	workers/RAG/direct_chat_service (hot.get|get_chat_param)	hot.get|get_chat_param	OK
limits.youtube_transcript_proxy_port	Порт прокси-оверрайда	Порт прокси, если используете не Webshare. Пусто — берётся стандартный.	str	runtime	-	global|chat|direct	global → chat(override)	GET /api/config; GET /api/config/params-meta	POST /api/config (X-Chat-Id); DELETE /api/config/chat/{key} (сброс override)	str	view: role-matrix; edit: local_admin/global_admin	limits	limits_youtube_proxy	true	false	false	visible	-	chat_profiles.chat_params.overrides	workers/RAG/direct_chat_service (hot.get|get_chat_param)	hot.get|get_chat_param	OK
limits.youtube_transcript_proxy_retries	Повторы при блокировке (Webshare)	Сколько раз повторять запрос субтитров, если прокси заблокировали. Больше — надёжнее, но медленнее.	int	runtime	-	global|chat|direct	global → chat(override)	GET /api/config; GET /api/config/params-meta	POST /api/config (X-Chat-Id); DELETE /api/config/chat/{key} (сброс override)	int	view: role-matrix; edit: local_admin/global_admin	limits	limits_youtube_proxy	true	false	false	visible	-	chat_profiles.chat_params.overrides	workers/RAG/direct_chat_service (hot.get|get_chat_param)	hot.get|get_chat_param	OK
local_bot_api_url	URL локального telegram-bot-api	-	str	runtime	-	global(infra)	n/a	нет API (env-only)	нет API (env-only)	n/a (env)	n/a (env-only)	infra	-	false	false	false	api-only	-	env/.env	ConfigCache / hot.get|get_chat_param	hot.get|get_chat_param	new
log_ring_max_entries	Размер ring-buffer логов	-	int	runtime	-	global(infra)	n/a	нет API (env-only)	нет API (env-only)	n/a (env)	n/a (env-only)	infra	-	false	false	false	api-only	-	env/.env	ConfigCache / hot.get|get_chat_param	hot.get|get_chat_param	new
logtail_source_token	Logtail source token	-	str	{configured,last4}	{configured,last4}	global(infra)	n/a	нет API (env-only)	нет API (env-only)	n/a (env)	n/a (env-only)	infra	-	false	true	false	api-only	-	env/.env	ConfigCache / hot.get|get_chat_param	hot.get|get_chat_param	new
media_base	Корневая папка медиа	-	str	runtime	-	global(infra)	n/a	нет API (env-only)	нет API (env-only)	n/a (env)	n/a (env-only)	infra	-	false	false	false	api-only	-	env/.env	ConfigCache / hot.get|get_chat_param	hot.get|get_chat_param	new
memory.deep_sleep_hour	Глубокий сон: час запуска (local)	Час запуска, если выбран триггер «своё время» (7). Часовой пояс — общий для фоновых воркеров.	int	runtime	-	global|chat|direct	global → chat(override)	GET /api/config; GET /api/config/params-meta	POST /api/config (X-Chat-Id); DELETE /api/config/chat/{key} (сброс override)	int	view: role-matrix; edit: local_admin/global_admin	memory	memory_dream	true	false	false	visible	-	chat_profiles.chat_params.overrides	summary_memory/dream_worker/nostalgia (hot.get|get_chat_param)	hot.get|get_chat_param	OK
memory.deep_sleep_trigger	Глубокий сон: триггер запуска	Когда запускать глубокий сон: «после сна» (сразу после успешного обычного сна) или «своё время» (в указанный час local).	str	runtime	-	global|chat|direct	global → chat(override)	GET /api/config; GET /api/config/params-meta	POST /api/config (X-Chat-Id); DELETE /api/config/chat/{key} (сброс override)	str; one-of[after_sleep|fixed]	view: role-matrix; edit: local_admin/global_admin	memory	memory_dream	true	false	false	visible	select	chat_profiles.chat_params.overrides	summary_memory/dream_worker/nostalgia (hot.get|get_chat_param)	hot.get|get_chat_param	OK
memory.dream_cluster_overlap_tokens	Сон: общих слов для кластера	Сколько общих значимых слов нужно, чтобы факт попал в кластер.	int	runtime	-	global|chat|direct	global → chat(override)	GET /api/config; GET /api/config/params-meta	POST /api/config (X-Chat-Id); DELETE /api/config/chat/{key} (сброс override)	int	view: role-matrix; edit: local_admin/global_admin	memory	memory_dream	true	false	false	visible	-	chat_profiles.chat_params.overrides	summary_memory/dream_worker/nostalgia (hot.get|get_chat_param)	hot.get|get_chat_param	OK
memory.dream_distillations_per_day	Сон: дистилляций в сутки	Суточный лимит (per-chat) успешных синтезов (60; по memory_dream_log).	int	runtime	-	global|chat|direct	global → chat(override)	GET /api/config; GET /api/config/params-meta	POST /api/config (X-Chat-Id); DELETE /api/config/chat/{key} (сброс override)	int	view: role-matrix; edit: local_admin/global_admin	memory	memory_dream	true	false	false	visible	-	chat_profiles.chat_params.overrides	summary_memory/dream_worker/nostalgia (hot.get|get_chat_param)	hot.get|get_chat_param	OK
memory.dream_enabled	Сон: синтез убеждений (DreamWorker)	Рубильник фонового DreamWorker: из повторяющихся фактов чата модель делает устойчивые убеждения (beliefs). Выключено (дефолт в коде) — включается per-chat/scope. С F7 джоб зарегистрирован всегда, решение «работать/не ра…	bool	runtime	-	global|chat|direct	global → chat(override)	GET /api/config; GET /api/config/params-meta	POST /api/config (X-Chat-Id); DELETE /api/config/chat/{key} (сброс override)	bool	view: role-matrix; edit: local_admin/global_admin	memory	memory_dream	true	false	false	visible	-	chat_profiles.chat_params.overrides	summary_memory/dream_worker/nostalgia (hot.get|get_chat_param)	hot.get|get_chat_param	OK
memory.dream_importance_sum_threshold	Сон: Σ важности кластера	Кластер идёт в дистилляцию при сумме importance не меньше порога (8).	int	runtime	-	global|chat|direct	global → chat(override)	GET /api/config; GET /api/config/params-meta	POST /api/config (X-Chat-Id); DELETE /api/config/chat/{key} (сброс override)	int	view: role-matrix; edit: local_admin/global_admin	memory	memory_dream	true	false	false	visible	-	chat_profiles.chat_params.overrides	summary_memory/dream_worker/nostalgia (hot.get|get_chat_param)	hot.get|get_chat_param	OK
memory.dream_initial_window_hours	Сон: окно прогрева, часов	Первый «сон» чата без watermark берёт факты за этот период (168 = неделя — история импорта не захлёбывает первый прогон).	int	runtime	-	global|chat|direct	global → chat(override)	GET /api/config; GET /api/config/params-meta	POST /api/config (X-Chat-Id); DELETE /api/config/chat/{key} (сброс override)	int	view: role-matrix; edit: local_admin/global_admin	memory	memory_dream	true	false	false	visible	-	chat_profiles.chat_params.overrides	summary_memory/dream_worker/nostalgia (hot.get|get_chat_param)	hot.get|get_chat_param	OK
memory.dream_max_chats_per_run	Сон: максимум чатов за тик	Потолок чатов одного тика (10), топ по числу новых фактов.	int	runtime	-	global|chat|direct	global → chat(override)	GET /api/config; GET /api/config/params-meta	POST /api/config (X-Chat-Id); DELETE /api/config/chat/{key} (сброс override)	int	view: role-matrix; edit: local_admin/global_admin	memory	memory_dream	true	false	false	visible	-	chat_profiles.chat_params.overrides	summary_memory/dream_worker/nostalgia (hot.get|get_chat_param)	hot.get|get_chat_param	OK
memory.dream_max_clusters_per_run	Сон: кластеров в дистилляцию за тик	Потолок кластеров на тик (10), топ по сумме важности.	int	runtime	-	global|chat|direct	global → chat(override)	GET /api/config; GET /api/config/params-meta	POST /api/config (X-Chat-Id); DELETE /api/config/chat/{key} (сброс override)	int	view: role-matrix; edit: local_admin/global_admin	memory	memory_dream	true	false	false	visible	-	chat_profiles.chat_params.overrides	summary_memory/dream_worker/nostalgia (hot.get|get_chat_param)	hot.get|get_chat_param	OK
memory.dream_min_new_facts_per_chat	Сон: мин. новых фактов для чата	Чат-кандидат тика — только при новых фактах не меньше порога (2).	int	runtime	-	global|chat|direct	global → chat(override)	GET /api/config; GET /api/config/params-meta	POST /api/config (X-Chat-Id); DELETE /api/config/chat/{key} (сброс override)	int	view: role-matrix; edit: local_admin/global_admin	memory	memory_dream	true	false	false	visible	-	chat_profiles.chat_params.overrides	summary_memory/dream_worker/nostalgia (hot.get|get_chat_param)	hot.get|get_chat_param	OK
memory.dream_quiet_check_minutes	Сон: тишина перед тиком, минут	«Не пик»: чат с сообщениями за последние N минут пропускается (10).	int	runtime	-	global|chat|direct	global → chat(override)	GET /api/config; GET /api/config/params-meta	POST /api/config (X-Chat-Id); DELETE /api/config/chat/{key} (сброс override)	int	view: role-matrix; edit: local_admin/global_admin	memory	memory_dream	true	false	false	visible	-	chat_profiles.chat_params.overrides	summary_memory/dream_worker/nostalgia (hot.get|get_chat_param)	hot.get|get_chat_param	OK
memory.dream_repeat_threshold	Сон: повторяемость кластера (членов)	Кластер идёт в дистилляцию при членах не меньше порога (2).	int	runtime	-	global|chat|direct	global → chat(override)	GET /api/config; GET /api/config/params-meta	POST /api/config (X-Chat-Id); DELETE /api/config/chat/{key} (сброс override)	int	view: role-matrix; edit: local_admin/global_admin	memory	memory_dream	true	false	false	visible	-	chat_profiles.chat_params.overrides	summary_memory/dream_worker/nostalgia (hot.get|get_chat_param)	hot.get|get_chat_param	OK
memory.dream_tick_minutes	Сон: период тика, минут	Как часто воркер проверяет чаты на новые факты. Первый «сон» случится внутри ночного окна, когда бы бот ни запустился.	int	runtime	-	global|chat|direct	global → chat(override)	GET /api/config; GET /api/config/params-meta	POST /api/config (X-Chat-Id); DELETE /api/config/chat/{key} (сброс override)	int	view: role-matrix; edit: local_admin/global_admin	memory	memory_dream	true	false	false	visible	-	chat_profiles.chat_params.overrides	summary_memory/dream_worker/nostalgia (hot.get|get_chat_param)	hot.get|get_chat_param	OK
memory.dream_tokens_per_day	Сон: слов в сутки (денежный)	Суточный запас текста на синтез «сна». Больше — глубже сны, больше расход.	int	runtime	-	global|chat|direct	global → chat(override)	GET /api/config; GET /api/config/params-meta	POST /api/config (X-Chat-Id); DELETE /api/config/chat/{key} (сброс override)	int	view: role-matrix; edit: local_admin/global_admin	memory	memory_dream	true	false	false	visible	-	chat_profiles.chat_params.overrides	summary_memory/dream_worker/nostalgia (hot.get|get_chat_param)	hot.get|get_chat_param	OK
memory.dream_window_end_hour	Сон: окно дистилляций до (час local)	Конец окна дистилляций (6).	int	runtime	-	global|chat|direct	global → chat(override)	GET /api/config; GET /api/config/params-meta	POST /api/config (X-Chat-Id); DELETE /api/config/chat/{key} (сброс override)	int	view: role-matrix; edit: local_admin/global_admin	memory	memory_dream	true	false	false	visible	-	chat_profiles.chat_params.overrides	summary_memory/dream_worker/nostalgia (hot.get|get_chat_param)	hot.get|get_chat_param	OK
memory.dream_window_start_hour	Сон: окно дистилляций с (час local)	Синтез (тратит деньги) идёт только в эти часы. Вне окна — бесплатный подбор кластеров.	int	runtime	-	global|chat|direct	global → chat(override)	GET /api/config; GET /api/config/params-meta	POST /api/config (X-Chat-Id); DELETE /api/config/chat/{key} (сброс override)	int	view: role-matrix; edit: local_admin/global_admin	memory	memory_dream	true	false	false	visible	-	chat_profiles.chat_params.overrides	summary_memory/dream_worker/nostalgia (hot.get|get_chat_param)	hot.get|get_chat_param	OK
memory.infinite_retention	Бессрочное хранение памяти	Отключает удаление и сжатие памяти по срокам: всё хранится бессрочно (для импорта истории).	bool	runtime	-	global|chat|direct	global → chat(override)	GET /api/config; GET /api/config/params-meta	POST /api/config (X-Chat-Id); DELETE /api/config/chat/{key} (сброс override)	bool	view: role-matrix; edit: local_admin/global_admin	memory	memory_infinite	true	false	false	visible	-	chat_profiles.chat_params.overrides	summary_memory/dream_worker/nostalgia (hot.get|get_chat_param)	hot.get|get_chat_param	OK
memory.nostalgia_aggressiveness	Ностальгия: агрессивность (0..1)	Порог срабатывания кандидата = 0.3 + агрессивность*0.5 (дефолт 0.3 → порог 0.45). Влияет ТОЛЬКО на порог («насколько слабый повод сработает»); частота — лимитами/паузами выше.	float	runtime	-	global|chat|direct	global → chat(override)	GET /api/config; GET /api/config/params-meta	POST /api/config (X-Chat-Id); DELETE /api/config/chat/{key} (сброс override)	float	view: role-matrix; edit: local_admin/global_admin	memory	memory_nostalgia	true	false	false	visible	-	chat_profiles.chat_params.overrides	summary_memory/dream_worker/nostalgia (hot.get|get_chat_param)	hot.get|get_chat_param	OK
memory.nostalgia_cooldown_hours	Ностальгия: пауза между отправками, часов	Между двумя проактивными сообщениями чата — не меньше N часов (12).	int	runtime	-	global|chat|direct	global → chat(override)	GET /api/config; GET /api/config/params-meta	POST /api/config (X-Chat-Id); DELETE /api/config/chat/{key} (сброс override)	int	view: role-matrix; edit: local_admin/global_admin	memory	memory_nostalgia	true	false	false	visible	-	chat_profiles.chat_params.overrides	summary_memory/dream_worker/nostalgia (hot.get|get_chat_param)	hot.get|get_chat_param	OK
memory.nostalgia_enabled	Ностальгия: слой B (NostalgiaWorker)	Рубильник фонового NostalgiaWorker: в тихих группах по старым сообщениям чата модель шлёт 1-2 фразы «кстати...». Выключено (дефолт) — тик не регистрируется, 0 влияния.	bool	runtime	-	global|chat|direct	global → chat(override)	GET /api/config; GET /api/config/params-meta	POST /api/config (X-Chat-Id); DELETE /api/config/chat/{key} (сброс override)	bool	view: role-matrix; edit: local_admin/global_admin	memory	memory_nostalgia	true	false	false	visible	-	chat_profiles.chat_params.overrides	summary_memory/dream_worker/nostalgia (hot.get|get_chat_param)	hot.get|get_chat_param	OK
memory.nostalgia_golden_min_days	Ностальгия: «золотой» возраст, дней	Факт считается «золотым» при давности ≥ N дней по COALESCE(message_timestamp, created_at) (60).	int	runtime	-	global|chat|direct	global → chat(override)	GET /api/config; GET /api/config/params-meta	POST /api/config (X-Chat-Id); DELETE /api/config/chat/{key} (сброс override)	int	view: role-matrix; edit: local_admin/global_admin	memory	memory_nostalgia	true	false	false	visible	-	chat_profiles.chat_params.overrides	summary_memory/dream_worker/nostalgia (hot.get|get_chat_param)	hot.get|get_chat_param	OK
memory.nostalgia_golden_min_importance	Ностальгия: «золотая» важность	Порог importance факта для «золотого» (v8-шкала 1..10; дефолт 5).	int	runtime	-	global|chat|direct	global → chat(override)	GET /api/config; GET /api/config/params-meta	POST /api/config (X-Chat-Id); DELETE /api/config/chat/{key} (сброс override)	int	view: role-matrix; edit: local_admin/global_admin	memory	memory_nostalgia	true	false	false	visible	-	chat_profiles.chat_params.overrides	summary_memory/dream_worker/nostalgia (hot.get|get_chat_param)	hot.get|get_chat_param	OK
memory.nostalgia_hint_max_chars	Ностальгия: маркер слоя A, символов	Фикс-кап строки-маркера до инжекта в контекст (300).	int	runtime	-	global|chat|direct	global → chat(override)	GET /api/config; GET /api/config/params-meta	POST /api/config (X-Chat-Id); DELETE /api/config/chat/{key} (сброс override)	int	view: role-matrix; edit: local_admin/global_admin	memory	memory_nostalgia	true	false	false	visible	-	chat_profiles.chat_params.overrides	summary_memory/dream_worker/nostalgia (hot.get|get_chat_param)	hot.get|get_chat_param	OK
memory.nostalgia_layer_a_enabled	Ностальгия: слой A (маркер при ответе)	Если в памяти нашёлся «золотой» факт, бот получает подсказку вплести его в ответ. Лишних вызовов нейросети нет.	bool	runtime	-	global|chat|direct	global → chat(override)	GET /api/config; GET /api/config/params-meta	POST /api/config (X-Chat-Id); DELETE /api/config/chat/{key} (сброс override)	bool	view: role-matrix; edit: local_admin/global_admin	memory	memory_nostalgia	true	false	false	visible	-	chat_profiles.chat_params.overrides	summary_memory/dream_worker/nostalgia (hot.get|get_chat_param)	hot.get|get_chat_param	OK
memory.nostalgia_layer_a_max_hints	Ностальгия: хинтов на ответ (слой A)	Максимум строк-маркеров «золотых» за один ответ (1).	int	runtime	-	global|chat|direct	global → chat(override)	GET /api/config; GET /api/config/params-meta	POST /api/config (X-Chat-Id); DELETE /api/config/chat/{key} (сброс override)	int	view: role-matrix; edit: local_admin/global_admin	memory	memory_nostalgia	true	false	false	visible	-	chat_profiles.chat_params.overrides	summary_memory/dream_worker/nostalgia (hot.get|get_chat_param)	hot.get|get_chat_param	OK
memory.nostalgia_max_per_day	Ностальгия: отправок в сутки на чат	Дневной лимит status='sent' по nostalgia_log за local-сутки (3); skipped/unchanged лимит не тратят.	int	runtime	-	global|chat|direct	global → chat(override)	GET /api/config; GET /api/config/params-meta	POST /api/config (X-Chat-Id); DELETE /api/config/chat/{key} (сброс override)	int	view: role-matrix; edit: local_admin/global_admin	memory	memory_nostalgia	true	false	false	visible	-	chat_profiles.chat_params.overrides	summary_memory/dream_worker/nostalgia (hot.get|get_chat_param)	hot.get|get_chat_param	OK
memory.nostalgia_max_send_chars	Ностальгия: текст сообщения, символов	Макс. длина текста проактивного сообщения перед отправкой (400).	int	runtime	-	global|chat|direct	global → chat(override)	GET /api/config; GET /api/config/params-meta	POST /api/config (X-Chat-Id); DELETE /api/config/chat/{key} (сброс override)	int	view: role-matrix; edit: local_admin/global_admin	memory	memory_nostalgia	true	false	false	visible	-	chat_profiles.chat_params.overrides	summary_memory/dream_worker/nostalgia (hot.get|get_chat_param)	hot.get|get_chat_param	OK
memory.nostalgia_min_silence_minutes	Ностальгия: тишина, минут	Последнее юзерское сообщение должно быть старше N минут — иначе чат пропускается (45).	int	runtime	-	global|chat|direct	global → chat(override)	GET /api/config; GET /api/config/params-meta	POST /api/config (X-Chat-Id); DELETE /api/config/chat/{key} (сброс override)	int	view: role-matrix; edit: local_admin/global_admin	memory	memory_nostalgia	true	false	false	visible	-	chat_profiles.chat_params.overrides	summary_memory/dream_worker/nostalgia (hot.get|get_chat_param)	hot.get|get_chat_param	OK
memory.nostalgia_pause_hours	Ностальгия: пауза после неотвеченных, часов	После неотвеченных проактивных чат пропускается, пока не пройдёт N часов с последней отправки (24).	int	runtime	-	global|chat|direct	global → chat(override)	GET /api/config; GET /api/config/params-meta	POST /api/config (X-Chat-Id); DELETE /api/config/chat/{key} (сброс override)	int	view: role-matrix; edit: local_admin/global_admin	memory	memory_nostalgia	true	false	false	visible	-	chat_profiles.chat_params.overrides	summary_memory/dream_worker/nostalgia (hot.get|get_chat_param)	hot.get|get_chat_param	OK
memory.nostalgia_quiet_end_hour	Ностальгия: тихие часы до (час local)	Конец ночных тихих часов (8).	int	runtime	-	global|chat|direct	global → chat(override)	GET /api/config; GET /api/config/params-meta	POST /api/config (X-Chat-Id); DELETE /api/config/chat/{key} (сброс override)	int	view: role-matrix; edit: local_admin/global_admin	memory	memory_nostalgia	true	false	false	visible	-	chat_profiles.chat_params.overrides	summary_memory/dream_worker/nostalgia (hot.get|get_chat_param)	hot.get|get_chat_param	OK
memory.nostalgia_quiet_start_hour	Ностальгия: тихие часы с (час local)	Ночные тихие часы (пересечение полуночи): чат пропускается, если local-час ≥ start ИЛИ < end (23).	int	runtime	-	global|chat|direct	global → chat(override)	GET /api/config; GET /api/config/params-meta	POST /api/config (X-Chat-Id); DELETE /api/config/chat/{key} (сброс override)	int	view: role-matrix; edit: local_admin/global_admin	memory	memory_nostalgia	true	false	false	visible	-	chat_profiles.chat_params.overrides	summary_memory/dream_worker/nostalgia (hot.get|get_chat_param)	hot.get|get_chat_param	OK
memory.nostalgia_tick_minutes	Ностальгия: период тика, минут	Как часто воркер проверяет чаты на тишину и кандидатов (60).	int	runtime	-	global|chat|direct	global → chat(override)	GET /api/config; GET /api/config/params-meta	POST /api/config (X-Chat-Id); DELETE /api/config/chat/{key} (сброс override)	int	view: role-matrix; edit: local_admin/global_admin	memory	memory_nostalgia	true	false	false	visible	-	chat_profiles.chat_params.overrides	summary_memory/dream_worker/nostalgia (hot.get|get_chat_param)	hot.get|get_chat_param	OK
memory.nostalgia_unanswered_max	Ностальгия: стоп неотвеченных подряд	Стоп после N проактивных подряд без ответа юзера (детект по smart_messages после ts отправки) (2).	int	runtime	-	global|chat|direct	global → chat(override)	GET /api/config; GET /api/config/params-meta	POST /api/config (X-Chat-Id); DELETE /api/config/chat/{key} (сброс override)	int	view: role-matrix; edit: local_admin/global_admin	memory	memory_nostalgia	true	false	false	visible	-	chat_profiles.chat_params.overrides	summary_memory/dream_worker/nostalgia (hot.get|get_chat_param)	hot.get|get_chat_param	OK
memory.nostalgia_year_back_days_window	Ностальгия: окно «год назад», дней	Кандидаты «N лет назад» — timestamp в диапазоне год назад ± N дней вокруг точной даты (10).	int	runtime	-	global|chat|direct	global → chat(override)	GET /api/config; GET /api/config/params-meta	POST /api/config (X-Chat-Id); DELETE /api/config/chat/{key} (сброс override)	int	view: role-matrix; edit: local_admin/global_admin	memory	memory_nostalgia	true	false	false	visible	-	chat_profiles.chat_params.overrides	summary_memory/dream_worker/nostalgia (hot.get|get_chat_param)	hot.get|get_chat_param	OK
models.checkup_betterstack_sql_host	Хост базы метрик Betterstack	Адрес сервера метрик Betterstack для чекапа. Меняется редко.	str	runtime	-	global	global	GET /api/config; GET /api/config/params-meta	POST /api/config	str	view: role-matrix; edit: global_admin	models	models_checkup	false	false	false	visible	-	bot_settings	llm_client/llm_probe/status_service/worker_budget (hot.get)	hot.get	OK
models.checkup_betterstack_sql_query	SQL-оверрайд чекапа	Свой SQL-запрос к метрикам, если стандартный не подходит. Обычно не трогать.	str	runtime	-	global	global	GET /api/config; GET /api/config/params-meta	POST /api/config	str	view: role-matrix; edit: global_admin	models	models_checkup	false	false	false	visible	-	bot_settings	llm_client/llm_probe/status_service/worker_budget (hot.get)	hot.get	OK
models.checkup_betterstack_sql_table	Префикс источника Betterstack	Имя источника метрик в Betterstack. Меняется, если пересоздали источник.	str	runtime	-	global	global	GET /api/config; GET /api/config/params-meta	POST /api/config	str	view: role-matrix; edit: global_admin	models	models_checkup	false	false	false	visible	-	bot_settings	llm_client/llm_probe/status_service/worker_budget (hot.get)	hot.get	OK
models.embedding_base_url	Адрес основной модели памяти	Адрес сервера модели «отпечатков» текста. Может быть у другого провайдера, чем основная нейросеть.	str	runtime	-	global	global	GET /api/config; GET /api/config/params-meta	POST /api/config	str	view: role-matrix; edit: global_admin	models	models_embeddings	false	false	false	visible	-	bot_settings	llm_client/llm_probe/status_service/worker_budget (hot.get)	hot.get	OK
models.embedding_dim	Размерность эмбеддингов	Длина «отпечатка» текста. Должна совпадать с моделью эмбеддингов, иначе поиск сломается.	int	runtime	-	global	global	GET /api/config; GET /api/config/params-meta	POST /api/config	int	view: role-matrix; edit: global_admin	models	models_embeddings	false	false	false	visible	-	bot_settings	llm_client/llm_probe/status_service/worker_budget (hot.get)	hot.get	OK
models.embedding_display_name	Название основной модели памяти	Как называть модель поиска по памяти. Пусто — покажется адрес сервера.	str	runtime	-	global	global	GET /api/config; GET /api/config/params-meta	POST /api/config	str	view: role-matrix; edit: global_admin	models	models_embeddings	false	false	false	visible	-	bot_settings	llm_client/llm_probe/status_service/worker_budget (hot.get)	hot.get	OK
models.embedding_fallback2_display_name	Название второй запасной модели памяти	Как называть вторую запасную модель памяти. Пусто — покажется адрес сервера.	str	runtime	-	global	global	GET /api/config; GET /api/config/params-meta	POST /api/config	str	view: role-matrix; edit: global_admin	models	models_embeddings	false	false	false	visible	-	bot_settings	llm_client/llm_probe/status_service/worker_budget (hot.get)	hot.get	OK
models.embedding_fallback_base_url	Адрес запасной модели памяти	Адрес сервера запасной модели «отпечатков» текста. Общий для обоих запасных ключей.	str	runtime	-	global	global	GET /api/config; GET /api/config/params-meta	POST /api/config	str	view: role-matrix; edit: global_admin	models	models_embeddings	false	false	false	visible	-	bot_settings	llm_client/llm_probe/status_service/worker_budget (hot.get)	hot.get	OK
models.embedding_fallback_display_name	Название запасной модели памяти	Как называть первую запасную модель памяти. Пусто — покажется адрес сервера.	str	runtime	-	global	global	GET /api/config; GET /api/config/params-meta	POST /api/config	str	view: role-matrix; edit: global_admin	models	models_embeddings	false	false	false	visible	-	bot_settings	llm_client/llm_probe/status_service/worker_budget (hot.get)	hot.get	OK
models.embedding_fallback_model	Модель запасной модели памяти	Название запасной модели «отпечатков». Общее для обоих запасных ключей; пусто — берётся основная.	str	runtime	-	global	global	GET /api/config; GET /api/config/params-meta	POST /api/config	str	view: role-matrix; edit: global_admin	models	models_embeddings	false	false	false	visible	-	bot_settings	llm_client/llm_probe/status_service/worker_budget (hot.get)	hot.get	OK
models.embedding_model_name	Модель эмбеддингов	Модель «отпечатков» текста для поиска по памяти. Менять только вместе с размерностью ниже.	str	runtime	-	global	global	GET /api/config; GET /api/config/params-meta	POST /api/config	str	view: role-matrix; edit: global_admin	models	models_embeddings	false	false	false	visible	-	bot_settings	llm_client/llm_probe/status_service/worker_budget (hot.get)	hot.get	OK
models.groq_base_url	Адрес сервиса Groq	Адрес сервера Groq для распознавания голосовых. Меняется при переезде на шлюз/прокси.	str	runtime	code:SmartModule.transcriber.groq_transcriber.GROQ_BASE_URL	global	global	GET /api/config; GET /api/config/params-meta	POST /api/config	str	view: role-matrix; edit: global_admin	models	models_extra_providers	false	false	false	visible	-	bot_settings	llm_client/llm_probe/status_service/worker_budget (hot.get)	hot.get	OK
models.groq_display_name	Название модели расшифровки	Как называть сервис расшифровки голосовых. Пусто — покажется адрес сервера.	str	runtime	-	global	global	GET /api/config; GET /api/config/params-meta	POST /api/config	str	view: role-matrix; edit: global_admin	models	models_extra_providers	false	false	false	visible	-	bot_settings	llm_client/llm_probe/status_service/worker_budget (hot.get)	hot.get	OK
models.groq_max_concurrency	Одновременных запросов к Groq	Сколько запросов к Groq одновременно. Меньше — спокойнее для сервиса, дольше очередь.	int	runtime	-	global	global	GET /api/config; GET /api/config/params-meta	POST /api/config	int	view: role-matrix; edit: global_admin	models	models_extra_providers	false	false	false	visible	-	bot_settings	llm_client/llm_probe/status_service/worker_budget (hot.get)	hot.get	OK
models.groq_max_retries	Число ретраев Groq	Сколько раз повторить распознавание при сбое. Больше — надёжнее, дольше ждать.	int	runtime	-	global	global	GET /api/config; GET /api/config/params-meta	POST /api/config	int	view: role-matrix; edit: global_admin	models	models_extra_providers	false	false	false	visible	-	bot_settings	llm_client/llm_probe/status_service/worker_budget (hot.get)	hot.get	OK
models.groq_min_interval	Мин. интервал между запросами Groq, сек	Пауза между распознаваниями голосовых. Больше — реже обращения к сервису.	float	runtime	-	global	global	GET /api/config; GET /api/config/params-meta	POST /api/config	float	view: role-matrix; edit: global_admin	models	models_extra_providers	false	false	false	visible	-	bot_settings	llm_client/llm_probe/status_service/worker_budget (hot.get)	hot.get	OK
models.groq_timeout	Таймаут Groq, сек	Сколько ждать ответ Groq при распознавании голосовых. Больше — меньше сбоев.	float	runtime	-	global	global	GET /api/config; GET /api/config/params-meta	POST /api/config	float	view: role-matrix; edit: global_admin	models	models_extra_providers	false	false	false	visible	-	bot_settings	llm_client/llm_probe/status_service/worker_budget (hot.get)	hot.get	OK
models.groq_transcribe_model	Модель распознавания Groq	Модель Groq для распознавания голосовых в текст. По умолчанию whisper-large-v3.	str	runtime	code:SmartModule.transcriber.groq_transcriber.GROQ_TRANSCRIBE_MODEL	global	global	GET /api/config; GET /api/config/params-meta	POST /api/config	str	view: role-matrix; edit: global_admin	models	models_extra_providers	false	false	false	visible	-	bot_settings	llm_client/llm_probe/status_service/worker_budget (hot.get)	hot.get	OK
models.image_base_url	Адрес сервера генерации изображений	Адрес сервера генерации изображений (по умолчанию Pollinations). Меняется при переезде на другого провайдера.	str	runtime	-	global	global	GET /api/config; GET /api/config/params-meta	POST /api/config	str	view: role-matrix; edit: global_admin	models	models_images	false	false	false	visible	-	bot_settings	ConfigCache / hot.get|get_chat_param	hot.get|get_chat_param	new
models.image_get_mode	Режим GET-запроса	Включает GET-режим провайдера: запрос идёт по ссылке с параметрами, ключ доступа при этом не используется (поле ключа блокируется).	bool	runtime	-	global	global	GET /api/config; GET /api/config/params-meta	POST /api/config	bool	view: role-matrix; edit: global_admin	models	models_images	false	false	false	visible	-	bot_settings	ConfigCache / hot.get|get_chat_param	hot.get|get_chat_param	new
models.image_model	Модель генерации изображений	Название модели генерации картинок. По умолчанию flux.	str	runtime	-	global	global	GET /api/config; GET /api/config/params-meta	POST /api/config	str	view: role-matrix; edit: global_admin	models	models_images	false	false	false	visible	-	bot_settings	ConfigCache / hot.get|get_chat_param	hot.get|get_chat_param	new
models.intel_bg_base_url	Адрес нейросети для фоновых проверок	Адрес сервера отдельной нейросети для фоновых проверок (оценка важности). Пусто — используется основная нейросеть.	str	runtime	-	global	global	GET /api/config; GET /api/config/params-meta	POST /api/config	str	view: role-matrix; edit: global_admin	models	models_extra_providers	false	false	false	visible	-	bot_settings	llm_client/llm_probe/status_service/worker_budget (hot.get)	hot.get	OK
models.intel_bg_display_name	Название модели для фоновых проверок	Как называть нейросеть фоновых проверок в админке. Пусто — покажется адрес сервера.	str	runtime	-	global	global	GET /api/config; GET /api/config/params-meta	POST /api/config	str	view: role-matrix; edit: global_admin	models	models_extra_providers	false	false	false	visible	-	bot_settings	llm_client/llm_probe/status_service/worker_budget (hot.get)	hot.get	OK
models.intel_bg_model_name	Модель для фоновых проверок	Название отдельной модели для фоновых проверок. Пусто — берётся основная модель.	str	runtime	-	global	global	GET /api/config; GET /api/config/params-meta	POST /api/config	str	view: role-matrix; edit: global_admin	models	models_extra_providers	false	false	false	visible	-	bot_settings	llm_client/llm_probe/status_service/worker_budget (hot.get)	hot.get	OK
models.intel_history_base_url	Адрес нейросети для Вех и Лора	Адрес сервера отдельной нейросети для исторической памяти (Вехи/Лор). Пусто — используется основная нейросеть.	str	runtime	-	global	global	GET /api/config; GET /api/config/params-meta	POST /api/config	str	view: role-matrix; edit: global_admin	models	models_extra_providers	false	false	false	visible	-	bot_settings	llm_client/llm_probe/status_service/worker_budget (hot.get)	hot.get	OK
models.intel_history_display_name	Название модели для Вех и Лора	Как называть эту нейросеть в админке. Пусто — покажется адрес сервера.	str	runtime	-	global	global	GET /api/config; GET /api/config/params-meta	POST /api/config	str	view: role-matrix; edit: global_admin	models	models_extra_providers	false	false	false	visible	-	bot_settings	llm_client/llm_probe/status_service/worker_budget (hot.get)	hot.get	OK
models.intel_history_model_name	Модель для Вех и Лора	Название отдельной модели для исторической памяти. Пусто — берётся основная модель.	str	runtime	-	global	global	GET /api/config; GET /api/config/params-meta	POST /api/config	str	view: role-matrix; edit: global_admin	models	models_extra_providers	false	false	false	visible	-	bot_settings	llm_client/llm_probe/status_service/worker_budget (hot.get)	hot.get	OK
models.intel_reflection_base_url	Адрес нейросети саморефлексии	Адрес сервера нейросети для экстрактора сути (саморефлексия). Пусто — используется основная нейросеть.	str	runtime	-	global	global	GET /api/config; GET /api/config/params-meta	POST /api/config	str	view: role-matrix; edit: global_admin	models	models_extra_providers	false	false	false	visible	-	bot_settings	llm_client/llm_probe/status_service/worker_budget (hot.get)	hot.get	OK
models.intel_reflection_display_name	Название модели саморефлексии	Как называть эту нейросеть в админке. Пусто — покажется адрес сервера.	str	runtime	-	global	global	GET /api/config; GET /api/config/params-meta	POST /api/config	str	view: role-matrix; edit: global_admin	models	models_extra_providers	false	false	false	visible	-	bot_settings	llm_client/llm_probe/status_service/worker_budget (hot.get)	hot.get	OK
models.intel_reflection_model_name	Модель саморефлексии	Название модели для экстрактора сути. Пусто — берётся основная модель.	str	runtime	-	global	global	GET /api/config; GET /api/config/params-meta	POST /api/config	str	view: role-matrix; edit: global_admin	models	models_extra_providers	false	false	false	visible	-	bot_settings	llm_client/llm_probe/status_service/worker_budget (hot.get)	hot.get	OK
models.llm_base_url	Адрес основной нейросети	Адрес сервера нейросети. Меняется, только если переезжаете на другого провайдера.	str	runtime	-	global	global	GET /api/config; GET /api/config/params-meta	POST /api/config	str	view: role-matrix; edit: global_admin	models	models_main	false	false	false	visible	-	bot_settings	llm_client/llm_probe/status_service/worker_budget (hot.get)	hot.get	OK
models.llm_cb_cooldown_seconds	Кулдаун Circuit Breaker, сек	Сколько отдыхает «рубильник» после сбоев, прежде чем снова пробовать.	float	runtime	-	global	global	GET /api/config; GET /api/config/params-meta	POST /api/config	float	view: role-matrix; edit: global_admin	models	models_llm_guard	false	false	false	visible	-	bot_settings	llm_client/llm_probe/status_service/worker_budget (hot.get)	hot.get	OK
models.llm_cb_failure_threshold	Порог сбоев защитного переключателя	Сколько сбоев подряд до «рубильника» — бот временно перестаёт дёргать нейросеть.	int	runtime	-	global	global	GET /api/config; GET /api/config/params-meta	POST /api/config	int	view: role-matrix; edit: global_admin	models	models_llm_guard	false	false	false	visible	-	bot_settings	llm_client/llm_probe/status_service/worker_budget (hot.get)	hot.get	OK
models.llm_display_name	Название основной модели	Как называть основную нейросеть в админке. Пусто — покажется адрес сервера.	str	runtime	-	global	global	GET /api/config; GET /api/config/params-meta	POST /api/config	str	view: role-matrix; edit: global_admin	models	models_main	false	false	false	visible	-	bot_settings	llm_client/llm_probe/status_service/worker_budget (hot.get)	hot.get	OK
models.llm_fallback_base_url	Адрес запасной нейросети	Адрес запасной нейросети. Нужен, только если настроен фоллбэк.	str	runtime	-	global	global	GET /api/config; GET /api/config/params-meta	POST /api/config	str	view: role-matrix; edit: global_admin	models	models_fallback	false	false	false	visible	-	bot_settings	llm_client/llm_probe/status_service/worker_budget (hot.get)	hot.get	OK
models.llm_fallback_display_name	Название фолбэк-модели	Как называть запасную нейросеть. Пусто — покажется адрес сервера.	str	runtime	-	global	global	GET /api/config; GET /api/config/params-meta	POST /api/config	str	view: role-matrix; edit: global_admin	models	models_fallback	false	false	false	visible	-	bot_settings	llm_client/llm_probe/status_service/worker_budget (hot.get)	hot.get	OK
models.llm_fallback_max_retries	Ретраи фоллбэк-цепочки	Сколько раз повторять запрос к запасной нейросети. Больше — надёжнее, но дольше.	int	runtime	-	global	global	GET /api/config; GET /api/config/params-meta	POST /api/config	int	view: role-matrix; edit: global_admin	models	models_fallback	false	false	false	visible	-	bot_settings	llm_client/llm_probe/status_service/worker_budget (hot.get)	hot.get	OK
models.llm_fallback_model	Модель фоллбэк-провайдера	Название модели запасной нейросети. Используется, когда основная недоступна.	str	runtime	-	global	global	GET /api/config; GET /api/config/params-meta	POST /api/config	str	view: role-matrix; edit: global_admin	models	models_fallback	false	false	false	visible	-	bot_settings	llm_client/llm_probe/status_service/worker_budget (hot.get)	hot.get	OK
models.llm_fallback_timeout_seconds	Таймаут фоллбэка, сек	Сколько ждать ответ запасной нейросети. Больше — меньше сбоев, дольше ожидание.	float	runtime	-	global	global	GET /api/config; GET /api/config/params-meta	POST /api/config	float	view: role-matrix; edit: global_admin	models	models_fallback	false	false	false	visible	-	bot_settings	llm_client/llm_probe/status_service/worker_budget (hot.get)	hot.get	OK
models.llm_max_retries	Число повторов при сбое нейросети	Сколько раз повторить запрос при временном сбое. Больше — надёжнее, но дольше ждать.	int	runtime	-	global	global	GET /api/config; GET /api/config/params-meta	POST /api/config	int	view: role-matrix; edit: global_admin	models	models_llm_timeouts	false	false	false	visible	-	bot_settings	llm_client/llm_probe/status_service/worker_budget (hot.get)	hot.get	OK
models.llm_model_name	Модель основной нейросети	Название основной модели бота. От неё зависит качество и скорость почти всех ответов.	str	runtime	-	global	global	GET /api/config; GET /api/config/params-meta	POST /api/config	str	view: role-matrix; edit: global_admin	models	models_main	false	false	false	visible	-	bot_settings	llm_client/llm_probe/status_service/worker_budget (hot.get)	hot.get	OK
models.llm_retry_backoff_base	Начальная пауза между повторами	Начальная пауза перед повтором, сек. Больше — реже долбить провайдера при сбоях.	float	runtime	-	global	global	GET /api/config; GET /api/config/params-meta	POST /api/config	float	view: role-matrix; edit: global_admin	models	models_llm_timeouts	false	false	false	visible	-	bot_settings	llm_client/llm_probe/status_service/worker_budget (hot.get)	hot.get	OK
models.llm_retry_backoff_cap	Макс. пауза между попытками (сек)	Максимальная пауза между повторами. Больше — дольше терпелив, но тише при упорном сбое.	float	runtime	-	global	global	GET /api/config; GET /api/config/params-meta	POST /api/config	float	view: role-matrix; edit: global_admin	models	models_llm_timeouts	false	false	false	visible	-	bot_settings	llm_client/llm_probe/status_service/worker_budget (hot.get)	hot.get	OK
models.llm_retry_jitter_max	Разброс паузы между повторами, сек	Случайная добавка к паузе повтора — чтобы запросы не стучались одновременно.	float	runtime	-	global	global	GET /api/config; GET /api/config/params-meta	POST /api/config	float	view: role-matrix; edit: global_admin	models	models_llm_timeouts	false	false	false	visible	-	bot_settings	llm_client/llm_probe/status_service/worker_budget (hot.get)	hot.get	OK
models.llm_timeout	Сколько ждать ответ нейросети, сек	Сколько ждать ответ нейросети. Больше — меньше сбоев на медленных моделях, но дольше тишина.	float	runtime	-	global	global	GET /api/config; GET /api/config/params-meta	POST /api/config	float	view: role-matrix; edit: global_admin	models	models_llm_timeouts	false	false	false	visible	-	bot_settings	llm_client/llm_probe/status_service/worker_budget (hot.get)	hot.get	OK
models.llm_total_budget	Жёсткий дедлайн всей попытки, сек	Потолок времени на запрос со всеми повторами. Меньше — бот быстрее сдаётся при проблемах.	float	runtime	-	global	global	GET /api/config; GET /api/config/params-meta	POST /api/config	float	view: role-matrix; edit: global_admin	models	models_llm_guard	false	false	false	visible	-	bot_settings	llm_client/llm_probe/status_service/worker_budget (hot.get)	hot.get	OK
models.openrouter_base_url	Адрес сервиса OpenRouter	Адрес сервера OpenRouter для пересказов и распознавания. Меняется при переезде.	str	runtime	code:SmartModule.transcriber.openrouter_transcriber.OPENROUTER_BASE_URL	global	global	GET /api/config; GET /api/config/params-meta	POST /api/config	str	view: role-matrix; edit: global_admin	models	models_extra_providers	false	false	false	visible	-	bot_settings	llm_client/llm_probe/status_service/worker_budget (hot.get)	hot.get	OK
models.openrouter_display_name	Название модели для видео	Как называть сервис, который смотрит видео. Пусто — покажется адрес сервера.	str	runtime	-	global	global	GET /api/config; GET /api/config/params-meta	POST /api/config	str	view: role-matrix; edit: global_admin	models	models_video_summary	false	false	false	visible	-	bot_settings	llm_client/llm_probe/status_service/worker_budget (hot.get)	hot.get	OK
models.openrouter_timeout	Таймаут OpenRouter, сек	Сколько ждать ответ OpenRouter при пересказах. Больше — меньше сбоев на медленных моделях.	float	runtime	-	global	global	GET /api/config; GET /api/config/params-meta	POST /api/config	float	view: role-matrix; edit: global_admin	models	models_extra_providers	false	false	false	visible	-	bot_settings	llm_client/llm_probe/status_service/worker_budget (hot.get)	hot.get	OK
models.openrouter_transcribe_display_name	Название модели расшифровки (резерв)	Как называть резервный сервис расшифровки голосовых OpenRouter. Пусто — покажется адрес сервера.	str	runtime	-	global	global	GET /api/config; GET /api/config/params-meta	POST /api/config	str	view: role-matrix; edit: global_admin	models	models_extra_providers	false	false	false	visible	-	bot_settings	llm_client/llm_probe/status_service/worker_budget (hot.get)	hot.get	OK
models.openrouter_transcribe_model	Модель распознавания OpenRouter	Модель OpenRouter для распознавания голосовых. По умолчанию openrouter/free.	str	runtime	code:SmartModule.transcriber.openrouter_transcriber.OPENROUTER_TRANSCRIBE_MODEL	global	global	GET /api/config; GET /api/config/params-meta	POST /api/config	str	view: role-matrix; edit: global_admin	models	models_extra_providers	false	false	false	visible	-	bot_settings	llm_client/llm_probe/status_service/worker_budget (hot.get)	hot.get	OK
models.token_safety_multiplier	Запас при подсчёте длины текста	Запас при подсчёте длины: больше — бот осторожнее и чаще вписывается в лимиты.	float	runtime	-	global	global	GET /api/config; GET /api/config/params-meta	POST /api/config	float	view: role-matrix; edit: global_admin	models	models_embeddings	false	false	false	visible	-	bot_settings	llm_client/llm_probe/status_service/worker_budget (hot.get)	hot.get	OK
models.tokenizer_encoding	Кодировка tiktoken	Как бот считает длину текста в словах. Меняется только вместе с моделью.	str	runtime	-	global	global	GET /api/config; GET /api/config/params-meta	POST /api/config	str	view: role-matrix; edit: global_admin	models	models_embeddings	false	false	false	visible	-	bot_settings	llm_client/llm_probe/status_service/worker_budget (hot.get)	hot.get	OK
models.video_fallback_model	Запасная видео-модель (OpenRouter)	Раунд 4 (T-710): MiniMax M3 (контекст 1M) — видит кадры ролика. Используется, когда первичная недоступна или ответила отказом; упала — бот пересказывает по субтитрам.	str	runtime	-	global	global	GET /api/config; GET /api/config/params-meta	POST /api/config	str	view: role-matrix; edit: global_admin	models	models_video_summary	false	false	false	visible	-	bot_settings	llm_client/llm_probe/status_service/worker_budget (hot.get)	hot.get	OK
models.video_primary_model	Первичная видео-модель (OpenRouter)	Первая модель, которой бот пробует «посмотреть» ролик: NVIDIA Nemotron умеет и звук, и картинку. Откажет — включится запасная или субтитры.	str	runtime	-	global	global	GET /api/config; GET /api/config/params-meta	POST /api/config	str	view: role-matrix; edit: global_admin	models	models_video_summary	false	false	false	visible	-	bot_settings	llm_client/llm_probe/status_service/worker_budget (hot.get)	hot.get	OK
models.video_timeout_seconds	Таймаут видео-запроса, сек	Сколько ждать ответ мультимодальной модели на видео. Больше — реже сбои, но дольше тишина.	float	runtime	-	global	global	GET /api/config; GET /api/config/params-meta	POST /api/config	float	view: role-matrix; edit: global_admin	models	models_video_summary	false	false	false	visible	-	bot_settings	llm_client/llm_probe/status_service/worker_budget (hot.get)	hot.get	OK
postgres_db	Имя БД postgres	-	str	runtime	-	global(infra)	n/a	нет API (env-only)	нет API (env-only)	n/a (env)	n/a (env-only)	infra	-	false	false	false	api-only	-	env/.env	ConfigCache / hot.get|get_chat_param	hot.get|get_chat_param	new
postgres_dsn	DSN PostgreSQL	-	str	{configured,last4}	{configured,last4}	global(infra)	n/a	нет API (env-only)	нет API (env-only)	n/a (env)	n/a (env-only)	infra	-	false	true	false	api-only	-	env/.env	ConfigCache / hot.get|get_chat_param	hot.get|get_chat_param	new
postgres_password	Пароль PostgreSQL	-	str	{configured,last4}	{configured,last4}	global(infra)	n/a	нет API (env-only)	нет API (env-only)	n/a (env)	n/a (env-only)	infra	-	false	true	false	api-only	-	env/.env	ConfigCache / hot.get|get_chat_param	hot.get|get_chat_param	new
postgres_user	Пользователь postgres	-	str	runtime	-	global(infra)	n/a	нет API (env-only)	нет API (env-only)	n/a (env)	n/a (env-only)	infra	-	false	false	false	api-only	-	env/.env	ConfigCache / hot.get|get_chat_param	hot.get|get_chat_param	new
prompts.checkup_system_prompt	Системный промпт чекапа	Инструкция для ежемесячной сводки о здоровье сервера и памяти. Изменения применяются сразу после сохранения.	str	runtime	code:services.checkup_prompts.CHECKUP_SYSTEM_PROMPT	global|chat|direct	global → chat(override)	GET /api/config; GET /api/config/params-meta	POST /api/config (X-Chat-Id); DELETE /api/config/chat/{key} (сброс override)	str; непустая строка	view: role-matrix; edit: local_admin/global_admin	prompts	prompts_checkup	true	false	false	visible	-	chat_profiles.chat_params.overrides	direct_chat_service/workers (hot.get|get_chat_param)	hot.get|get_chat_param	OK
prompts.compress_system_prompt	Промпт сжатия истории (глубокий уровень)	Инструкция, как ужимать старые сообщения в факты памяти. Изменения применяются сразу после сохранения.	str	runtime	code:services.summary_prompts.COMPRESS_PROMPT	global|chat|direct	global → chat(override)	GET /api/config; GET /api/config/params-meta	POST /api/config (X-Chat-Id); DELETE /api/config/chat/{key} (сброс override)	str; непустая строка	view: role-matrix; edit: local_admin/global_admin	prompts	prompts_memory	true	false	false	visible	-	chat_profiles.chat_params.overrides	direct_chat_service/workers (hot.get|get_chat_param)	hot.get|get_chat_param	OK
prompts.direct_chat_synthesizer_system_prompt	Синтезатор прямого чата (Логика)	Собирает выводы инструментов в справку (первый проход прямого чата). Изменения применяются сразу.	str	runtime	code:services.chat_prompts.DIRECT_SYNTHESIZER_SYSTEM_PROMPT	global|chat|direct	global → chat(override)	GET /api/config; GET /api/config/params-meta	POST /api/config (X-Chat-Id); DELETE /api/config/chat/{key} (сброс override)	str; непустая строка	view: role-matrix; edit: local_admin/global_admin	prompts	prompts_direct_chat	true	false	false	visible	-	bot_settings + chat_profiles.chat_params.overrides	ConfigCache / hot.get|get_chat_param	hot.get|get_chat_param	new
prompts.direct_chat_system_prompt	Системный промпт прямого чата	Характер и правила ответов бота в прямом общении. Изменения применяются сразу после сохранения.	str	runtime	code:services.chat_prompts.CHAT_SYSTEM_PROMPT	global|chat|direct	global → chat(override)	GET /api/config; GET /api/config/params-meta	POST /api/config (X-Chat-Id); DELETE /api/config/chat/{key} (сброс override)	str; непустая строка	view: role-matrix; edit: local_admin/global_admin	prompts	prompts_direct_chat	true	false	false	visible	-	chat_profiles.chat_params.overrides	direct_chat_service/workers (hot.get|get_chat_param)	hot.get|get_chat_param	OK
prompts.direct_chat_verbalizer_system_prompt	Вербализатор прямого чата (Характер)	Оформляет справку прямого чата в живой ответ. Изменения применяются сразу.	str	runtime	code:services.chat_prompts.DIRECT_VERBALIZER_SYSTEM_PROMPT	global|chat|direct	global → chat(override)	GET /api/config; GET /api/config/params-meta	POST /api/config (X-Chat-Id); DELETE /api/config/chat/{key} (сброс override)	str; непустая строка	view: role-matrix; edit: local_admin/global_admin	prompts	prompts_direct_chat	true	false	false	visible	-	bot_settings + chat_profiles.chat_params.overrides	ConfigCache / hot.get|get_chat_param	hot.get|get_chat_param	new
prompts.extract_system_prompt	Промпт извлечения фактов (граф)	Инструкция, как вытаскивать факты из разговора для долгой памяти. Изменения применяются сразу после сохранения.	str	runtime	code:services.summary_prompts.EXTRACT_PROMPT	global|chat|direct	global → chat(override)	GET /api/config; GET /api/config/params-meta	POST /api/config (X-Chat-Id); DELETE /api/config/chat/{key} (сброс override)	str; непустая строка	view: role-matrix; edit: local_admin/global_admin	prompts	prompts_memory	true	false	false	visible	-	chat_profiles.chat_params.overrides	direct_chat_service/workers (hot.get|get_chat_param)	hot.get|get_chat_param	OK
prompts.factcheck_analyst_system_prompt	Синтезатор фактчека (Логика)	Разбор тезиса и фактов в машинную справку (первый проход фактчека). Изменения применяются сразу.	str	runtime	code:services.factcheck_prompts.FACTCHECK_ANALYST_SYSTEM_PROMPT	global|chat|direct	global → chat(override)	GET /api/config; GET /api/config/params-meta	POST /api/config (X-Chat-Id); DELETE /api/config/chat/{key} (сброс override)	str; непустая строка	view: role-matrix; edit: local_admin/global_admin	prompts	prompts_factcheck	true	false	false	visible	-	bot_settings + chat_profiles.chat_params.overrides	ConfigCache / hot.get|get_chat_param	hot.get|get_chat_param	new
prompts.factcheck_system_prompt	Системный промпт фактчека	Инструкция нейросети при проверке фактов: как оформлять ответ. Изменения применяются сразу после сохранения.	str	runtime	code:services.factcheck_prompts.FACTCHECK_SYSTEM_PROMPT	global|chat|direct	global → chat(override)	GET /api/config; GET /api/config/params-meta	POST /api/config (X-Chat-Id); DELETE /api/config/chat/{key} (сброс override)	str; непустая строка	view: role-matrix; edit: local_admin/global_admin	prompts	prompts_factcheck	true	false	false	visible	-	chat_profiles.chat_params.overrides	direct_chat_service/workers (hot.get|get_chat_param)	hot.get|get_chat_param	OK
prompts.factcheck_verbalizer_system_prompt	Вербализатор фактчека (Характер)	Превращает разбор фактчека в финальный текст. Изменения применяются сразу.	str	runtime	code:services.factcheck_prompts.FACTCHECK_VERBALIZER_SYSTEM_PROMPT	global|chat|direct	global → chat(override)	GET /api/config; GET /api/config/params-meta	POST /api/config (X-Chat-Id); DELETE /api/config/chat/{key} (сброс override)	str; непустая строка	view: role-matrix; edit: local_admin/global_admin	prompts	prompts_factcheck	true	false	false	visible	-	bot_settings + chat_profiles.chat_params.overrides	ConfigCache / hot.get|get_chat_param	hot.get|get_chat_param	new
prompts.search_system_prompt	Системный промпт поиска	Инструкция нейросети при поиске: как формулировать ответ. Изменения применяются сразу после сохранения.	str	runtime	code:services.search_prompts.SEARCH_SYSTEM_PROMPT	global|chat|direct	global → chat(override)	GET /api/config; GET /api/config/params-meta	POST /api/config (X-Chat-Id); DELETE /api/config/chat/{key} (сброс override)	str; непустая строка	view: role-matrix; edit: local_admin/global_admin	prompts	prompts_search	true	false	false	visible	-	chat_profiles.chat_params.overrides	direct_chat_service/workers (hot.get|get_chat_param)	hot.get|get_chat_param	OK
prompts.summary_cover_style	Стиль обложки	Авторский стиль обложек саммари: конкатенируется с визуальным промптом перед генерацией изображения.	str	runtime	code:services.summary_prompts.SUMMARY_COVER_STYLE_DEFAULT	global|chat|direct	global → chat(override)	GET /api/config; GET /api/config/params-meta	POST /api/config (X-Chat-Id); DELETE /api/config/chat/{key} (сброс override)	str; непустая строка	view: role-matrix; edit: local_admin/global_admin	prompts	prompts_summary	true	false	false	visible	textarea	bot_settings + chat_profiles.chat_params.overrides	ConfigCache / hot.get|get_chat_param	hot.get|get_chat_param	new
prompts.summary_editor_system_prompt	Синтезатор саммари (Редактор)	Сжимает историю в короткую выжимку (первый проход саммари). Изменения применяются сразу.	str	runtime	code:services.summary_prompts.SUMMARY_EDITOR_SYSTEM_PROMPT	global|chat|direct	global → chat(override)	GET /api/config; GET /api/config/params-meta	POST /api/config (X-Chat-Id); DELETE /api/config/chat/{key} (сброс override)	str; непустая строка	view: role-matrix; edit: local_admin/global_admin	prompts	prompts_summary	true	false	false	visible	-	bot_settings + chat_profiles.chat_params.overrides	ConfigCache / hot.get|get_chat_param	hot.get|get_chat_param	new
prompts.summary_narrator_system_prompt	Вербализатор саммари (Рассказчик)	Пересказывает выжимку саммари живым языком. Изменения применяются сразу.	str	runtime	code:services.summary_prompts.SUMMARY_NARRATOR_SYSTEM_PROMPT	global|chat|direct	global → chat(override)	GET /api/config; GET /api/config/params-meta	POST /api/config (X-Chat-Id); DELETE /api/config/chat/{key} (сброс override)	str; непустая строка	view: role-matrix; edit: local_admin/global_admin	prompts	prompts_summary	true	false	false	visible	-	bot_settings + chat_profiles.chat_params.overrides	ConfigCache / hot.get|get_chat_param	hot.get|get_chat_param	new
prompts.summary_system_prompt	Системный промпт саммари	Инструкция нейросети для пересказов: стиль и структура. Изменения применяются сразу после сохранения.	str	runtime	code:services.summary_prompts.SYSTEM_PROMPT	global|chat|direct	global → chat(override)	GET /api/config; GET /api/config/params-meta	POST /api/config (X-Chat-Id); DELETE /api/config/chat/{key} (сброс override)	str; непустая строка	view: role-matrix; edit: local_admin/global_admin	prompts	prompts_summary	true	false	false	visible	-	chat_profiles.chat_params.overrides	direct_chat_service/workers (hot.get|get_chat_param)	hot.get|get_chat_param	OK
prompts.verbilizer_default_mode	Резервный режим (Fallback)	Предохранитель: срабатывает только при сбое модели (зависла/нечитаемый ответ). Штатный выбор режима делает Синтезатор динамически. Изменения применяются сразу.	str	runtime	code:services.prompt_style_blocks.VERBILIZER_DEFAULT_MODE	global|chat|direct	global → chat(override)	GET /api/config; GET /api/config/params-meta	POST /api/config (X-Chat-Id); DELETE /api/config/chat/{key} (сброс override)	str; one-of[casual|serious|deep_research]; непустая строка	view: role-matrix; edit: local_admin/global_admin	prompts	prompts_verbilizer	true	false	false	visible	select	bot_settings + chat_profiles.chat_params.overrides	ConfigCache / hot.get|get_chat_param	hot.get|get_chat_param	new
prompts.verbilizer_mode_casual	Режим Casual	Режим подачи ответа «торопливое письмо»: короткие рубленые фразы без Markdown.	str	runtime	code:services.prompt_style_blocks.MODE_CASUAL_BLOCK	global|chat|direct	global → chat(override)	GET /api/config; GET /api/config/params-meta	POST /api/config (X-Chat-Id); DELETE /api/config/chat/{key} (сброс override)	str; непустая строка	view: role-matrix; edit: local_admin/global_admin	prompts	prompts_verbilizer	true	false	false	visible	-	bot_settings + chat_profiles.chat_params.overrides	ConfigCache / hot.get|get_chat_param	hot.get|get_chat_param	new
prompts.verbilizer_mode_deep_research	Режим Deep Research	Режим подачи ответа «глубокий разбор»: полный структурированный отчёт.	str	runtime	code:services.prompt_style_blocks.MODE_DEEP_RESEARCH_BLOCK	global|chat|direct	global → chat(override)	GET /api/config; GET /api/config/params-meta	POST /api/config (X-Chat-Id); DELETE /api/config/chat/{key} (сброс override)	str; непустая строка	view: role-matrix; edit: local_admin/global_admin	prompts	prompts_verbilizer	true	false	false	visible	-	bot_settings + chat_profiles.chat_params.overrides	ConfigCache / hot.get|get_chat_param	hot.get|get_chat_param	new
prompts.verbilizer_mode_serious	Режим Serious	Режим подачи ответа «грамотно, по делу»: сдержанная циничная ирония.	str	runtime	code:services.prompt_style_blocks.MODE_SERIOUS_BLOCK	global|chat|direct	global → chat(override)	GET /api/config; GET /api/config/params-meta	POST /api/config (X-Chat-Id); DELETE /api/config/chat/{key} (сброс override)	str; непустая строка	view: role-matrix; edit: local_admin/global_admin	prompts	prompts_verbilizer	true	false	false	visible	-	bot_settings + chat_profiles.chat_params.overrides	ConfigCache / hot.get|get_chat_param	hot.get|get_chat_param	new
prompts.webpage_system_prompt	Системный промпт пересказа веб-страниц	Инструкция нейросети при пересказе страницы по ссылке. Изменения применяются сразу после сохранения.	str	runtime	code:services.web_prompts.WEBPAGE_SYSTEM_PROMPT	global|chat|direct	global → chat(override)	GET /api/config; GET /api/config/params-meta	POST /api/config (X-Chat-Id); DELETE /api/config/chat/{key} (сброс override)	str; непустая строка	view: role-matrix; edit: local_admin/global_admin	prompts	prompts_web	true	false	false	visible	-	chat_profiles.chat_params.overrides	direct_chat_service/workers (hot.get|get_chat_param)	hot.get|get_chat_param	OK
prompts.youtube_system_prompt	Системный промпт пересказа YouTube	Инструкция нейросети при пересказе видео по ссылке. Изменения применяются сразу после сохранения.	str	runtime	code:services.youtube_prompts.YOUTUBE_SYSTEM_PROMPT	global|chat|direct	global → chat(override)	GET /api/config; GET /api/config/params-meta	POST /api/config (X-Chat-Id); DELETE /api/config/chat/{key} (сброс override)	str; непустая строка	view: role-matrix; edit: local_admin/global_admin	prompts	prompts_youtube	true	false	false	visible	-	chat_profiles.chat_params.overrides	direct_chat_service/workers (hot.get|get_chat_param)	hot.get|get_chat_param	OK
prompts.youtube_video_system_prompt	Системный промпт пересказа видео (мультимодально)	Инструкция нейросети при пересказе видео, когда модель смотрит само видео (без субтитров).	str	runtime	code:services.youtube_prompts.YOUTUBE_VIDEO_SYSTEM_PROMPT	global|chat|direct	global → chat(override)	GET /api/config; GET /api/config/params-meta	POST /api/config (X-Chat-Id); DELETE /api/config/chat/{key} (сброс override)	str; непустая строка	view: role-matrix; edit: local_admin/global_admin	prompts	prompts_youtube	true	false	false	visible	-	chat_profiles.chat_params.overrides	direct_chat_service/workers (hot.get|get_chat_param)	hot.get|get_chat_param	OK
reactions.admin_user_id	Telegram ID админа	Telegram ID администратора — для особых прав и реакций.	int	runtime	-	global|chat|direct	global → chat(override)	GET /api/config; GET /api/config/params-meta	POST /api/config (X-Chat-Id); DELETE /api/config/chat/{key} (сброс override)	int	view: role-matrix; edit: local_admin/global_admin	reactions	reactions_admin	true	false	false	visible	-	chat_profiles.chat_params.overrides	direct_chat_service (hot.get|get_chat_param)	hot.get|get_chat_param	OK
reactions.alan_greeting_dir	Папка приветствий Лехи	Папка с видео-приветствиями Лехи. Относительно корня медиа.	str	runtime	-	global|chat|direct	global → chat(override)	GET /api/config; GET /api/config/params-meta	POST /api/config (X-Chat-Id); DELETE /api/config/chat/{key} (сброс override)	str	view: role-matrix; edit: local_admin/global_admin	reactions	reactions_alan	true	false	false	visible	-	chat_profiles.chat_params.overrides	direct_chat_service (hot.get|get_chat_param)	hot.get|get_chat_param	OK
reactions.alan_mimic_enabled	Мимикрия Лехи	Передразнивать сообщения Лехи (нужно также включить общий рубильник „Мимикрия включена”). Других „жертв” из списка этот тумблер не касается.	bool	runtime	-	global|chat|direct	global → chat(override)	GET /api/config; GET /api/config/params-meta	POST /api/config (X-Chat-Id); DELETE /api/config/chat/{key} (сброс override)	bool	view: role-matrix; edit: local_admin/global_admin	reactions	reactions_permsoc	true	false	false	visible	-	chat_profiles.chat_params.overrides	direct_chat_service (hot.get|get_chat_param)	hot.get|get_chat_param	OK
reactions.alan_user_id	Telegram ID Лехи	Telegram ID Лехи — для приветствий и reply-блока.	int	runtime	-	global|chat|direct	global → chat(override)	GET /api/config; GET /api/config/params-meta	POST /api/config (X-Chat-Id); DELETE /api/config/chat/{key} (сброс override)	int	view: role-matrix; edit: local_admin/global_admin	reactions	reactions_alan	true	false	false	visible	-	chat_profiles.chat_params.overrides	direct_chat_service (hot.get|get_chat_param)	hot.get|get_chat_param	OK
reactions.alan_username	Юзернейм Лехи	Юзернейм Лехи — для упоминаний и фильтров.	str	runtime	-	global|chat|direct	global → chat(override)	GET /api/config; GET /api/config/params-meta	POST /api/config (X-Chat-Id); DELETE /api/config/chat/{key} (сброс override)	str	view: role-matrix; edit: local_admin/global_admin	reactions	reactions_alan	true	false	false	visible	-	chat_profiles.chat_params.overrides	direct_chat_service (hot.get|get_chat_param)	hot.get|get_chat_param	OK
reactions.allowed_summary_ids	Список ID для /summary	Кому доступен /summary, если включён «только админ».	json	runtime	-	global|chat|direct	global → chat(override)	GET /api/config; GET /api/config/params-meta	POST /api/config (X-Chat-Id); DELETE /api/config/chat/{key} (сброс override)	json	view: role-matrix; edit: local_admin/global_admin	reactions	reactions_summary	true	false	false	visible	-	chat_profiles.chat_params.overrides	direct_chat_service (hot.get|get_chat_param)	hot.get|get_chat_param	OK
reactions.chat_botword_pattern	Шаблон триггеров «бот»-семьи	Шаблон-триггер прямых обращений к боту. Изменять осторожно.	str	runtime	-	global|chat|direct	global → chat(override)	GET /api/config; GET /api/config/params-meta	POST /api/config (X-Chat-Id); DELETE /api/config/chat/{key} (сброс override)	str	view: role-matrix; edit: local_admin/global_admin	reactions	reactions_chat	true	false	false	visible	-	chat_profiles.chat_params.overrides	direct_chat_service (hot.get|get_chat_param)	hot.get|get_chat_param	OK
reactions.chat_mood_negative_words	CSV негативных слов	Слова, по которым бот определяет плохое настроение. Через запятую.	str	runtime	-	global|chat|direct	global → chat(override)	GET /api/config; GET /api/config/params-meta	POST /api/config (X-Chat-Id); DELETE /api/config/chat/{key} (сброс override)	str	view: role-matrix; edit: local_admin/global_admin	reactions	reactions_chat	true	false	false	visible	-	chat_profiles.chat_params.overrides	direct_chat_service (hot.get|get_chat_param)	hot.get|get_chat_param	OK
reactions.chat_mood_positive_words	CSV позитивных слов	Слова, по которым бот определяет хорошее настроение. Через запятую.	str	runtime	-	global|chat|direct	global → chat(override)	GET /api/config; GET /api/config/params-meta	POST /api/config (X-Chat-Id); DELETE /api/config/chat/{key} (сброс override)	str	view: role-matrix; edit: local_admin/global_admin	reactions	reactions_chat	true	false	false	visible	-	chat_profiles.chat_params.overrides	direct_chat_service (hot.get|get_chat_param)	hot.get|get_chat_param	OK
reactions.common_media_base	Базовая папка common-медиа	Корень медиа-реакций (otboy/danger/selfdev/work). Относительно корня медиа.	str	runtime	-	global|chat|direct	global → chat(override)	GET /api/config; GET /api/config/params-meta	POST /api/config (X-Chat-Id); DELETE /api/config/chat/{key} (сброс override)	str	view: role-matrix; edit: local_admin/global_admin	reactions	reactions_common	true	false	false	visible	-	chat_profiles.chat_params.overrides	direct_chat_service (hot.get|get_chat_param)	hot.get|get_chat_param	OK
reactions.danger_words	CSV danger-слов	Слова-триггеры danger-медиа. Через запятую.	str	runtime	-	global|chat|direct	global → chat(override)	GET /api/config; GET /api/config/params-meta	POST /api/config (X-Chat-Id); DELETE /api/config/chat/{key} (сброс override)	str	view: role-matrix; edit: local_admin/global_admin	reactions	reactions_common	true	false	false	visible	-	chat_profiles.chat_params.overrides	direct_chat_service (hot.get|get_chat_param)	hot.get|get_chat_param	OK
reactions.dead_page_dir	Папка медиа dead page	Папка с медиа для постов dead page. Относительно корня медиа.	str	runtime	-	global|chat|direct	global → chat(override)	GET /api/config; GET /api/config/params-meta	POST /api/config (X-Chat-Id); DELETE /api/config/chat/{key} (сброс override)	str	view: role-matrix; edit: local_admin/global_admin	reactions	reactions_deadpage	true	false	false	visible	-	chat_profiles.chat_params.overrides	direct_chat_service (hot.get|get_chat_param)	hot.get|get_chat_param	OK
reactions.dead_page_relay_channel_id	ID relay-канала dead page	Куда бот пересылает посты dead page.	int	runtime	-	global|chat|direct	global → chat(override)	GET /api/config; GET /api/config/params-meta	POST /api/config (X-Chat-Id); DELETE /api/config/chat/{key} (сброс override)	int	view: role-matrix; edit: local_admin/global_admin	reactions	reactions_deadpage	true	false	false	visible	-	chat_profiles.chat_params.overrides	direct_chat_service (hot.get|get_chat_param)	hot.get|get_chat_param	OK
reactions.dead_page_source_channel_id	ID канала-источника dead page	Числовой ID канала-источника. Меняется, если пересоздали канал.	int	runtime	-	global|chat|direct	global → chat(override)	GET /api/config; GET /api/config/params-meta	POST /api/config (X-Chat-Id); DELETE /api/config/chat/{key} (сброс override)	int	view: role-matrix; edit: local_admin/global_admin	reactions	reactions_deadpage	true	false	false	visible	-	chat_profiles.chat_params.overrides	direct_chat_service (hot.get|get_chat_param)	hot.get|get_chat_param	OK
reactions.dead_page_source_channel_username	Канал-источник dead page (@d_pages)	Откуда берутся посты dead page. Указывается с @.	str	runtime	-	global|chat|direct	global → chat(override)	GET /api/config; GET /api/config/params-meta	POST /api/config (X-Chat-Id); DELETE /api/config/chat/{key} (сброс override)	str	view: role-matrix; edit: local_admin/global_admin	reactions	reactions_deadpage	true	false	false	visible	-	chat_profiles.chat_params.overrides	direct_chat_service (hot.get|get_chat_param)	hot.get|get_chat_param	OK
reactions.gif_path	Файл гифки	Путь к файлу гифки. Относительно корня медиа.	str	runtime	-	global|chat|direct	global → chat(override)	GET /api/config; GET /api/config/params-meta	POST /api/config (X-Chat-Id); DELETE /api/config/chat/{key} (сброс override)	str	view: role-matrix; edit: local_admin/global_admin	reactions	reactions_slavik	true	false	false	visible	-	chat_profiles.chat_params.overrides	direct_chat_service (hot.get|get_chat_param)	hot.get|get_chat_param	OK
reactions.goodmorning_media_dir	Папка утреннего медиа	Папка с медиа для утренней рассылки. Относительно корня медиа.	str	runtime	-	global|chat|direct	global → chat(override)	GET /api/config; GET /api/config/params-meta	POST /api/config (X-Chat-Id); DELETE /api/config/chat/{key} (сброс override)	str	view: role-matrix; edit: local_admin/global_admin	reactions	reactions_goodmorning	true	false	false	visible	-	chat_profiles.chat_params.overrides	direct_chat_service (hot.get|get_chat_param)	hot.get|get_chat_param	OK
reactions.goodmorning_target_chat_ids	Список чатов рассылки	Куда слать утреннюю рассылку. Список ID чатов.	json	runtime	-	global|chat|direct	global → chat(override)	GET /api/config; GET /api/config/params-meta	POST /api/config (X-Chat-Id); DELETE /api/config/chat/{key} (сброс override)	json	view: role-matrix; edit: local_admin/global_admin	reactions	reactions_goodmorning	true	false	false	visible	-	chat_profiles.chat_params.overrides	direct_chat_service (hot.get|get_chat_param)	hot.get|get_chat_param	OK
reactions.goodmorning_time	Время рассылки (HH:MM)	Во сколько бот шлёт утреннюю рассылку. 24-часовой формат.	str	runtime	-	global|chat|direct	global → chat(override)	GET /api/config; GET /api/config/params-meta	POST /api/config (X-Chat-Id); DELETE /api/config/chat/{key} (сброс override)	str	view: role-matrix; edit: local_admin/global_admin	reactions	reactions_goodmorning	true	false	false	visible	-	chat_profiles.chat_params.overrides	direct_chat_service (hot.get|get_chat_param)	hot.get|get_chat_param	OK
reactions.goodmorning_tz	Часовой пояс рассылки	Часовой пояс, в котором считается время рассылки. Например, Europe/Moscow.	str	runtime	-	global|chat|direct	global → chat(override)	GET /api/config; GET /api/config/params-meta	POST /api/config (X-Chat-Id); DELETE /api/config/chat/{key} (сброс override)	str	view: role-matrix; edit: local_admin/global_admin	reactions	reactions_goodmorning	true	false	false	visible	-	chat_profiles.chat_params.overrides	direct_chat_service (hot.get|get_chat_param)	hot.get|get_chat_param	OK
reactions.kostik_replies	Фразы-реплики Костика	Список фраз, которыми бот отвечает Костю. Каждая фраза — отдельное поле; можно добавлять и удалять.	json	runtime	-	global|chat|direct	global → chat(override)	GET /api/config; GET /api/config/params-meta	POST /api/config (X-Chat-Id); DELETE /api/config/chat/{key} (сброс override)	json	view: role-matrix; edit: local_admin/global_admin	reactions	reactions_kostik	true	false	false	visible	list	chat_profiles.chat_params.overrides	direct_chat_service (hot.get|get_chat_param)	hot.get|get_chat_param	OK
reactions.kostik_user_id	Telegram ID Костика	Telegram ID Костика — для его ответов и мимикрии.	int	runtime	-	global|chat|direct	global → chat(override)	GET /api/config; GET /api/config/params-meta	POST /api/config (X-Chat-Id); DELETE /api/config/chat/{key} (сброс override)	int	view: role-matrix; edit: local_admin/global_admin	reactions	reactions_kostik	true	false	false	visible	-	chat_profiles.chat_params.overrides	direct_chat_service (hot.get|get_chat_param)	hot.get|get_chat_param	OK
reactions.kucha_enabled	Реакция „куча → ДАЛБАЕБ”	Кто-то написал „куча” — бот отвечает „ДАЛБАЕБ”. Выключено — реакции нет (гифка Славика работает независимо).	bool	runtime	-	global|chat|direct	global → chat(override)	GET /api/config; GET /api/config/params-meta	POST /api/config (X-Chat-Id); DELETE /api/config/chat/{key} (сброс override)	bool	view: role-matrix; edit: local_admin/global_admin	reactions	reactions_permsoc	true	false	false	visible	-	chat_profiles.chat_params.overrides	direct_chat_service (hot.get|get_chat_param)	hot.get|get_chat_param	OK
reactions.memory_backup_dir	Папка бэкапов памяти	Куда складывать бэкапы памяти. Относительно корня медиа.	str	runtime	-	global|chat|direct	global → chat(override)	GET /api/config; GET /api/config/params-meta	POST /api/config (X-Chat-Id); DELETE /api/config/chat/{key} (сброс override)	str	view: role-matrix; edit: local_admin/global_admin	reactions	reactions_memory	true	false	false	visible	-	chat_profiles.chat_params.overrides	direct_chat_service (hot.get|get_chat_param)	hot.get|get_chat_param	OK
reactions.mimic_victim_user_ids	CSV ID жертв мимикрии	Кого передразнивает бот. Через запятую.	str	runtime	-	global|chat|direct	global → chat(override)	GET /api/config; GET /api/config/params-meta	POST /api/config (X-Chat-Id); DELETE /api/config/chat/{key} (сброс override)	str	view: role-matrix; edit: local_admin/global_admin	reactions	reactions_mimic	true	false	false	visible	-	chat_profiles.chat_params.overrides	direct_chat_service (hot.get|get_chat_param)	hot.get|get_chat_param	OK
reactions.olya_caption_text	Текст капшна Оли	Подпись под ответами Оли. Можно менять без перезапуска.	str	runtime	-	global|chat|direct	global → chat(override)	GET /api/config; GET /api/config/params-meta	POST /api/config (X-Chat-Id); DELETE /api/config/chat/{key} (сброс override)	str	view: role-matrix; edit: local_admin/global_admin	reactions	reactions_olya	true	false	false	visible	-	chat_profiles.chat_params.overrides	direct_chat_service (hot.get|get_chat_param)	hot.get|get_chat_param	OK
reactions.olya_media_base	Папка медиа Оли	Папка с медиа-ответами Оли. Относительно корня медиа.	str	runtime	-	global|chat|direct	global → chat(override)	GET /api/config; GET /api/config/params-meta	POST /api/config (X-Chat-Id); DELETE /api/config/chat/{key} (сброс override)	str	view: role-matrix; edit: local_admin/global_admin	reactions	reactions_olya	true	false	false	visible	-	chat_profiles.chat_params.overrides	direct_chat_service (hot.get|get_chat_param)	hot.get|get_chat_param	OK
reactions.olya_media_type	Тип медиа Оли (video/...)	Чем отвечает Оля: видео, фото и так далее.	str	runtime	-	global|chat|direct	global → chat(override)	GET /api/config; GET /api/config/params-meta	POST /api/config (X-Chat-Id); DELETE /api/config/chat/{key} (сброс override)	str	view: role-matrix; edit: local_admin/global_admin	reactions	reactions_olya	true	false	false	visible	-	chat_profiles.chat_params.overrides	direct_chat_service (hot.get|get_chat_param)	hot.get|get_chat_param	OK
reactions.olya_saveasbot_channel_ids	Канальные ID SaveAsBot	Каналы, где Оля реагирует на SaveAsBot. Список ID.	json	runtime	-	global|chat|direct	global → chat(override)	GET /api/config; GET /api/config/params-meta	POST /api/config (X-Chat-Id); DELETE /api/config/chat/{key} (сброс override)	json	view: role-matrix; edit: local_admin/global_admin	reactions	reactions_olya	true	false	false	visible	-	chat_profiles.chat_params.overrides	direct_chat_service (hot.get|get_chat_param)	hot.get|get_chat_param	OK
reactions.olya_saveasbot_user_ids	Юзер-ID SaveAsBot	Пользователи, чьи сообщения Оля ловит по SaveAsBot. Список ID.	json	runtime	-	global|chat|direct	global → chat(override)	GET /api/config; GET /api/config/params-meta	POST /api/config (X-Chat-Id); DELETE /api/config/chat/{key} (сброс override)	json	view: role-matrix; edit: local_admin/global_admin	reactions	reactions_olya	true	false	false	visible	-	chat_profiles.chat_params.overrides	direct_chat_service (hot.get|get_chat_param)	hot.get|get_chat_param	OK
reactions.olya_user_id	Telegram ID Оли	Кто такая Оля. По этому ID бот ловит её видео и реагирует; не тот номер — Оля останется без ответа.	int	runtime	-	global|chat|direct	global → chat(override)	GET /api/config; GET /api/config/params-meta	POST /api/config (X-Chat-Id); DELETE /api/config/chat/{key} (сброс override)	int	view: role-matrix; edit: local_admin/global_admin	reactions	reactions_olya	true	false	false	visible	-	chat_profiles.chat_params.overrides	direct_chat_service (hot.get|get_chat_param)	hot.get|get_chat_param	OK
reactions.slavic_photo_path	Одиночное фото Славика (deprecated)	Старое поле одиночного фото. Лучше использовать папку рандомных фото.	str	runtime	-	global|chat|direct	global → chat(override)	GET /api/config; GET /api/config/params-meta	POST /api/config (X-Chat-Id); DELETE /api/config/chat/{key} (сброс override)	str	view: role-matrix; edit: local_admin/global_admin	reactions	reactions_slavik	true	false	false	visible	-	chat_profiles.chat_params.overrides	direct_chat_service (hot.get|get_chat_param)	hot.get|get_chat_param	OK
reactions.slavic_random_dir	Папка рандомных фото Славика	Папка, откуда Славик кидает случайные фото. Относительно корня медиа.	str	runtime	-	global|chat|direct	global → chat(override)	GET /api/config; GET /api/config/params-meta	POST /api/config (X-Chat-Id); DELETE /api/config/chat/{key} (сброс override)	str	view: role-matrix; edit: local_admin/global_admin	reactions	reactions_slavik	true	false	false	visible	-	chat_profiles.chat_params.overrides	direct_chat_service (hot.get|get_chat_param)	hot.get|get_chat_param	OK
reactions.slavik_user_id	Telegram ID Славика	Кто такой Славик для бота. По этому ID он узнаёт сообщения Славика и его реакции; ошибёшься — Славик замолчит или оживёт не тот человек.	int	runtime	-	global|chat|direct	global → chat(override)	GET /api/config; GET /api/config/params-meta	POST /api/config (X-Chat-Id); DELETE /api/config/chat/{key} (сброс override)	int	view: role-matrix; edit: local_admin/global_admin	reactions	reactions_slavik	true	false	false	visible	-	chat_profiles.chat_params.overrides	direct_chat_service (hot.get|get_chat_param)	hot.get|get_chat_param	OK
reactions.summary_target_chat_ids	Список чатов саммари	В каких чатах собирать пересказы. Список ID.	json	runtime	-	global|chat|direct	global → chat(override)	GET /api/config; GET /api/config/params-meta	POST /api/config (X-Chat-Id); DELETE /api/config/chat/{key} (сброс override)	json	view: role-matrix; edit: local_admin/global_admin	reactions	reactions_summary	true	false	false	visible	-	chat_profiles.chat_params.overrides	direct_chat_service (hot.get|get_chat_param)	hot.get|get_chat_param	OK
reactions.vasya_enabled	Реакция „Вася → АДМИН”	Кто-то написал „Вася” — бот отвечает „АДМИН”; кто-то написал „админ” — бот отвечает „ВАСЯ”. Выключено — реакция молчит.	bool	runtime	-	global|chat|direct	global → chat(override)	GET /api/config; GET /api/config/params-meta	POST /api/config (X-Chat-Id); DELETE /api/config/chat/{key} (сброс override)	bool	view: role-matrix; edit: local_admin/global_admin	reactions	reactions_word_reactions	true	false	false	visible	-	chat_profiles.chat_params.overrides	direct_chat_service (hot.get|get_chat_param)	hot.get|get_chat_param	OK
reactions.war_channel_ids	CSV ID каналов war-алертов	Каналы, где бот следит за военными алертами. Через запятую.	str	runtime	-	global|chat|direct	global → chat(override)	GET /api/config; GET /api/config/params-meta	POST /api/config (X-Chat-Id); DELETE /api/config/chat/{key} (сброс override)	str	view: role-matrix; edit: local_admin/global_admin	reactions	reactions_war	true	false	false	visible	-	chat_profiles.chat_params.overrides	direct_chat_service (hot.get|get_chat_param)	hot.get|get_chat_param	OK
reactions.war_channel_usernames	CSV юзернеймов war-алертов	Юзернеймы каналов-алертов. Через запятую.	str	runtime	-	global|chat|direct	global → chat(override)	GET /api/config; GET /api/config/params-meta	POST /api/config (X-Chat-Id); DELETE /api/config/chat/{key} (сброс override)	str	view: role-matrix; edit: local_admin/global_admin	reactions	reactions_war	true	false	false	visible	-	chat_profiles.chat_params.overrides	direct_chat_service (hot.get|get_chat_param)	hot.get|get_chat_param	OK
reactions.war_replies	CSV фраз war-алертов	Фразы-реакции на алерты. Через запятую.	str	runtime	-	global|chat|direct	global → chat(override)	GET /api/config; GET /api/config/params-meta	POST /api/config (X-Chat-Id); DELETE /api/config/chat/{key} (сброс override)	str	view: role-matrix; edit: local_admin/global_admin	reactions	reactions_war	true	false	false	visible	-	chat_profiles.chat_params.overrides	direct_chat_service (hot.get|get_chat_param)	hot.get|get_chat_param	OK
sentry_dsn	Sentry DSN	-	str	{configured,last4}	{configured,last4}	global(infra)	n/a	нет API (env-only)	нет API (env-only)	n/a (env)	n/a (env-only)	infra	-	false	true	false	api-only	-	env/.env	ConfigCache / hot.get|get_chat_param	hot.get|get_chat_param	new
telegram_api_files_dir	Хост-путь data-dir telegram-bot-api	-	str	runtime	-	global(infra)	n/a	нет API (env-only)	нет API (env-only)	n/a (env)	n/a (env-only)	infra	-	false	false	false	api-only	-	env/.env	ConfigCache / hot.get|get_chat_param	hot.get|get_chat_param	new
telegram_api_hash	API hash my.telegram.org	-	str	{configured,last4}	{configured,last4}	global(infra)	n/a	нет API (env-only)	нет API (env-only)	n/a (env)	n/a (env-only)	infra	-	false	true	false	api-only	-	env/.env	ConfigCache / hot.get|get_chat_param	hot.get|get_chat_param	new
telegram_api_id	API ID my.telegram.org	-	str	{configured,last4}	{configured,last4}	global(infra)	n/a	нет API (env-only)	нет API (env-only)	n/a (env)	n/a (env-only)	infra	-	false	true	false	api-only	-	env/.env	ConfigCache / hot.get|get_chat_param	hot.get|get_chat_param	new
uptime_events_retention_hours	Ретенция uptime_events, часов	-	int	runtime	-	global(infra)	n/a	нет API (env-only)	нет API (env-only)	n/a (env)	n/a (env-only)	infra	-	false	false	false	api-only	-	env/.env	ConfigCache / hot.get|get_chat_param	hot.get|get_chat_param	new
web_port	Порт веб-админки (uvicorn)	-	int	runtime	-	global(infra)	n/a	нет API (env-only)	нет API (env-only)	n/a (env)	n/a (env-only)	infra	-	false	false	false	api-only	-	env/.env	ConfigCache / hot.get|get_chat_param	hot.get|get_chat_param	new
webapp_url	URL Telegram Mini App (команда /menu)	-	str	runtime	-	global(infra)	n/a	нет API (env-only)	нет API (env-only)	n/a (env)	n/a (env-only)	infra	-	false	false	false	api-only	-	env/.env	ConfigCache / hot.get|get_chat_param	hot.get|get_chat_param	new
